Title , Type , Country Origin , Director , Languages , Plot , Metascore , Genre , Rating  , Relese Date , Rated , Awards , Actors , Poster link
Don 3 , movie , India , Farhan Akhtar , Hindi , N/A , N/A , Action& Thriller , N/A , N/A , N/A , N/A , Shah Rukh Khan& Farhan Akhtar& Boman Irani& Kunal Kapoor , N/A
Rocketry: The Nambi Effect , movie , India , Madhavan , Hindi& Tamil& Telugu , Based by the life of ISRO Scientist Nambi Narayanan who was falsely accused of being a spy and arrested in 1994. Though free & he is still fighting for justice & with those police officials alleged to have falsely implicated him & still free. , N/A , N/A , N/A , N/A , N/A , N/A , Madhavan& Rajeev Ravindranathan& Simran& Bijou Thaangjam , https://m.media-amazon.com/images/M/MV5BNDNlYTczNWYtZTBjNS00ODIzLWI5OGQtMWFmZGIwZWM4MGM0XkEyXkFqcGdeQXVyNzA5NjY5MzA@._V1_SX300.jpg
Koochie Koochie Hota Hai , movie , India , Tarun Mansukhani , Hindi , The film is an animated take on Kuch Kuch Hota Hai & and it marks the 20 year anniversary of its release. , N/A , Animation& Family& Musical& Romance , N/A , N/A , N/A , N/A , Shah Rukh Khan& Kajol& Rani Mukerji& Sanjay Dutt , https://m.media-amazon.com/images/M/MV5BNzU3ZTc4ZGEtMTczMy00Y2I2LTkyNzktNTg0ZjcxNTRjMGI5XkEyXkFqcGdeQXVyMTExNDQ2MTI@._V1_SX300.jpg
Zero , movie , India , Aanand L. Rai , Hindi , The story revolves around Bauua Singh (Shah Rukh Khan) & a vertically challenged man & who is full of charm and wit & with a pinch of arrogance. Born to a wealthy family and raised in an environment of affluence & he is challenged to broaden his horizon and find purpose in life. , N/A , Comedy& Drama& Romance , 5.5 , 21 Dec 2018 , Not Rated , 4 wins & 10 nominations. , Shah Rukh Khan& Anushka Sharma& Katrina Kaif& Mohammed Zeeshan Ayyub , https://m.media-amazon.com/images/M/MV5BNzg5YjA4ZTgtZGI3MC00ODVkLTliYmEtOWQ1NTY1ODg0ZjU1XkEyXkFqcGdeQXVyNzI5NjYzODI@._V1_SX300.jpg
Titu Talks , series , India , N/A , Hindi , Bhuvan Bam plays his famous character 'Titu Mama' and interviews celebrities in a desi setting. , N/A , Comedy& Talk-Show , 7.7 , 15 Dec 2018 , N/A , N/A , Bhuvan Bam , https://m.media-amazon.com/images/M/MV5BNWEzMGNjNmMtYjYwYy00NTcwLTk1OWYtZjU5ZGIyMzc4M2FiXkEyXkFqcGdeQXVyMjUxMTY3ODM@._V1_SX300.jpg
Diplo & Pritam: Phurrr , movie , USA , Shomi Patwary , N/A , N/A , N/A , Short& Music , 8.5 , 03 Aug 2017 , N/A , N/A , Diplo& Shah Rukh Khan , https://m.media-amazon.com/images/M/MV5BYTBiZjlhNDEtYWQ5OC00NzZlLWFhMDItY2RmNzc1YTlhYzFlXkEyXkFqcGdeQXVyNjczMjE3MjI@._V1_SX300.jpg
Jab Harry Met Sejal , movie , India , Imtiaz Ali , Hindi , A depressed middle-aged tour guide who lives in his own bubble gets another chance to experience and face reality through a chirpy girl. , N/A , Comedy& Drama& Romance , 5.3 , 04 Aug 2017 , Not Rated , 6 wins & 8 nominations. , Shah Rukh Khan& Anushka Sharma& Bjrn Freiberg& Martavious Gayles , https://m.media-amazon.com/images/M/MV5BMjIzMDI2NDUwOV5BMl5BanBnXkFtZTgwNzE2NjU3MjI@._V1_SX300.jpg
Tubelight , movie , India , Kabir Khan , Hindi , A story of two brothers set during the Sino-Indian war & 1962: the younger one who's at war at the borders and the elder who's at war with his own world. , N/A , Drama& War , 4.0 , 23 Jun 2017 , Not Rated , 1 win & 3 nominations. , Salman Khan& Sohail Khan& Om Puri& Mohammed Zeeshan Ayyub , https://m.media-amazon.com/images/M/MV5BMjExNjc1NDE3M15BMl5BanBnXkFtZTgwNDA2NzM0MjI@._V1_SX300.jpg
Raees , movie , India , Rahul Dholakia , Hindi , A bootlegger sets out to improve his community as a promising leader but falls in a political trap. , N/A , Action& Crime& Drama , 6.8 , 25 Jan 2017 , Not Rated , 3 wins & 15 nominations. , Raj Arjun& Shubham Chintamani& Shubham Tukaram& Yug , https://m.media-amazon.com/images/M/MV5BMTc2NTYwMTE1NV5BMl5BanBnXkFtZTgwODQ5MzAwMTI@._V1_SX300.jpg
Dear Zindagi , movie , India , Gauri Shinde , Hindi , Kaira is a budding cinematographer in search of a perfect life. Her encounter with Jug & an unconventional thinker & helps her gain a new perspective on life. She discovers that happiness is all about finding comfort in life's imperfections. , N/A , Drama& Romance , 7.6 , 23 Nov 2016 , Not Rated , 4 nominations. , Alia Bhatt& Shah Rukh Khan& Kunal Kapoor& Priyanka Moodley , https://m.media-amazon.com/images/M/MV5BZWQzYWI3ZGMtYzgyYy00OWZkLWEwODYtNGNiMTZhODBkNzUyL2ltYWdlL2ltYWdlXkEyXkFqcGdeQXVyNjY1MTg4Mzc@._V1_SX300.jpg
Ae Dil Hai Mushkil , movie , India , Karan Johar , Hindi , This story explores love - the shapes it takes & the ways it changes us and the exhilarating and often terrifying ride it takes us on. It is the journey of two characters & Alizeh and Ayan & as they navigate life & love and heartbreak. , 40 , Drama& Music& Musical& Romance , 5.8 , 28 Oct 2016 , Not Rated , 14 wins & 12 nominations. , Ranbir Kapoor& Aishwarya Rai Bachchan& Anushka Sharma& Fawad Khan , https://m.media-amazon.com/images/M/MV5BZTM1OTI3ZjItOWE3ZS00OTE2LWE2YjAtZTVlM2Q0MGQ5ZThmXkEyXkFqcGdeQXVyODE5NzE3OTE@._V1_SX300.jpg
Fan , movie , India , Maneesh Sharma , Hindi , Gaurav develops an obsession with a movie star who looks just like him. He goes to Mumbai to meet his idol & but he refuses to grant him five minutes of his time. Gaurav is enraged and plots to destroy his hero. , N/A , Action& Drama& Thriller , 7.1 , 15 Apr 2016 , Not Rated , 4 wins & 5 nominations. , Shah Rukh Khan& Manoj Anand& Carolina Main& Sayani Gupta , https://m.media-amazon.com/images/M/MV5BYTk1MjNlMTYtYmE5OS00ZjgzLTg1MjktYzY2YjdhMDQzNzA4XkEyXkFqcGdeQXVyNTE0MDc0NTM@._V1_SX300.jpg
Dilwale , movie , India , Rohit Shetty , Hindi , The siblings of two estranged lovers fall for each other & unaware of the violent past that drove them apart. , N/A , Action& Comedy& Romance , 5.2 , 18 Dec 2015 , Not Rated , 6 wins & 8 nominations. , Shah Rukh Khan& Kajol& Varun Dhawan& Kriti Sanon , https://m.media-amazon.com/images/M/MV5BMjEyNzAyNjExN15BMl5BanBnXkFtZTgwNjM0MDczNzE@._V1_SX300.jpg
Happy New Year , movie , India , Farah Khan , Hindi , A gang of amateur dancers takes part in a dancing competition to avenge their personal vendetta. , N/A , Action& Comedy& Music , 5.1 , 24 Oct 2014 , Not Rated , 11 wins & 38 nominations. , Shah Rukh Khan& Deepika Padukone& Anupam Kher& Abhishek Bachchan , https://m.media-amazon.com/images/M/MV5BMjEwZGQwZWMtNTU4Zi00YWVlLTlhZTYtZjc2MzJmMGVmMDQwXkEyXkFqcGdeQXVyNjQ3ODkxMjE@._V1_SX300.jpg
Bhoothnath Returns , movie , India , Nitesh Tiwari , Hindi , A ghost returns back from his world to prove something. But on earth & he has something more to do for his country. , N/A , Comedy& Drama& Fantasy , 6.8 , 11 Apr 2014 , Not Rated , 1 win & 1 nomination. , Amitabh Bachchan& Boman Irani& Parth Bhalerao& Sanjay Mishra , https://m.media-amazon.com/images/M/MV5BMzk1MTMyMjAxMV5BMl5BanBnXkFtZTgwMDA1Mzc0MTE@._V1_SX300.jpg
Chennai Express , movie , India , Rohit Shetty , Hindi& Tamil& English& Marathi , A man heading towards Rameshwaram via Chennai express to immerse his late grandfather's ashes unwillingly gets caught amidst goons after helping their boss's daughter and them board the train. , 45 , Action& Comedy , 6.0 , 08 Aug 2013 , Not Rated , 32 wins & 54 nominations. , Deepika Padukone& Shah Rukh Khan& Sathyaraj& Nikitin Dheer , https://m.media-amazon.com/images/M/MV5BZGFmMzQwNzEtZTIwNy00Nzc4LTk1YzEtYWFmNWUxZDYwODcwL2ltYWdlXkEyXkFqcGdeQXVyNjQ2MjQ5NzM@._V1_SX300.jpg
Jab Tak Hai Jaan , movie , India , Yash Chopra , Hindi , A woman is made to realize that her prayers and sacrifice to save her boyfriend's life may have led him to a fate worse than death. , N/A , Drama& Romance , 6.7 , 13 Nov 2012 , Not Rated , 20 wins & 24 nominations. , Shah Rukh Khan& Katrina Kaif& Anushka Sharma& Anupam Kher , https://m.media-amazon.com/images/M/MV5BMTUyMzM5OTM5NF5BMl5BanBnXkFtZTcwNTIwMjA3OA@@._V1_SX300.jpg
Don 2 , movie , India& Germany , Farhan Akhtar , Hindi& English& German , An international criminal turns himself in and escapes with an old rival from prison & following which he recruits a team to steal currency printing plates from a bank in Berlin. , 49 , Action& Crime& Thriller , 7.1 , 23 Dec 2011 , Not Rated , 8 wins & 7 nominations. , Shah Rukh Khan& Priyanka Chopra& Boman Irani& Lara Dutta , https://m.media-amazon.com/images/M/MV5BMzNiYWYxNWYtZDYzMC00MzA0LTkzY2UtNDAwNDhiYmVjNmEwXkEyXkFqcGdeQXVyNDUzOTQ5MjY@._V1_SX300.jpg
Ra.One , movie , India& USA , Anubhav Sinha , Hindi& Tamil& Telugu& Chinese& English , When the titular antagonist of an action-adventure video game takes on physical form & it's only the game's less powerful protagonist who can save his creator's family. , 60 , Action& Adventure& Sci-Fi , 4.6 , 26 Oct 2011 , Not Rated , 14 wins & 9 nominations. , Shah Rukh Khan& Arjun Rampal& Kareena Kapoor& Shahana Goswami , https://m.media-amazon.com/images/M/MV5BMzcyMjMxOTg4MF5BMl5BanBnXkFtZTcwNzEwMDE5Ng@@._V1_SX300.jpg
Always Kabhi Kabhi , movie , India , Roshan Abbas , Hindi& English , A story centered on four students coming of age during a year at their school & St. Marks. , N/A , Comedy& Crime& Drama& Romance , 4.0 , 17 Jun 2011 , Not Rated , N/A , Lillete Dubey& Satyajeet Dubey& Ali Fazal& Manoj Joshi , https://m.media-amazon.com/images/M/MV5BOWVkNWM1ZTYtOTU3My00OGIxLWI2MmEtZmYyZGIxMTIwY2MzXkEyXkFqcGdeQXVyNDUzOTQ5MjY@._V1_SX300.jpg
My Name Is Khan , movie , India& USA& United Arab Emirates , Karan Johar , Hindi& Urdu& English , An Indian Muslim man with Asperger's syndrome takes a challenge to speak to the President of the United States seriously and embarks on a cross-country journey. , 50 , Drama , 8.0 , 12 Feb 2010 , PG-13 , 10 wins & 11 nominations. , Shah Rukh Khan& Kajol& Katie A. Keane& Kenton Duty , https://m.media-amazon.com/images/M/MV5BMTUyMTA4NDYzMV5BMl5BanBnXkFtZTcwMjk5MzcxMw@@._V1_SX300.jpg
Dulha Mil Gaya , movie , India , Mudassar Aziz , Hindi& Urdu& Punjabi& English , A man marries so he can inherit his father's wealth. , N/A , Comedy& Drama& Romance , 4.2 , 08 Jan 2010 , N/A , N/A , Sushmita Sen& Fardeen Khan& Ishita Sharma& Shah Rukh Khan , https://m.media-amazon.com/images/M/MV5BMTYxNDY3MjAyN15BMl5BanBnXkFtZTcwMTM3NTk5Mw@@._V1_SX300.jpg
Aao Wish Karein , movie , India , Glen Barreto , Hindi& English , Smitten by a 22-year old woman & a 12-year old boy's wish to be older comes true. , N/A , Comedy& Drama& Fantasy , 5.3 , 13 Nov 2009 , N/A , N/A , Aftab Shivdasani& Aamna Sharif& Rati Agnihotri& Tiku Talsania , https://m.media-amazon.com/images/M/MV5BNWNkYTUzNjQtMmJmMC00MTkzLWE2YmQtM2M1ZGJjMDhjNTI5XkEyXkFqcGdeQXVyNDUzOTQ5MjY@._V1_SX300.jpg
Billu , movie , India , Priyadarshan , Hindi& Awadhi , In an Indian village & a struggling barber sees his luck begin to turn when residents learn that a famous actor he once knew is coming to town. , N/A , Comedy& Drama , 6.1 , 13 Feb 2009 , Not Rated , N/A , Irrfan Khan& Lara Dutta& Om Puri& Asrani , https://m.media-amazon.com/images/M/MV5BYWI0MGZlNWYtMmZhMS00ZDIwLTg3N2ItNTgxNWIyOTY1YTNjXkEyXkFqcGdeQXVyODE5NzE3OTE@._V1_SX300.jpg
Rab Ne Bana Di Jodi , movie , India , Aditya Chopra , Hindi , A breathtaking & goose flesh igniting & awe inspiring love journey of an ordinary man Suri and his 'total opposite' love Taani. , N/A , Comedy& Drama& Music& Romance , 7.2 , 12 Dec 2008 , Not Rated , 4 wins & 12 nominations. , Shah Rukh Khan& Anushka Sharma& Vinay Pathak& M.K. Raina , https://m.media-amazon.com/images/M/MV5BNjk5MzcxZWQtMzkwMC00OTViLTgzNzctZTIyMTE5ZDY4ZDU1XkEyXkFqcGdeQXVyODE5NzE3OTE@._V1_SX300.jpg
Kismat Konnection , movie , India , Aziz Mirza , Hindi , A luckless architect discovers a social activist to be his lucky charm. Unfortunately & she's protecting the community center he's aiming to win a contract to tear down. , N/A , Comedy& Drama& Romance , 5.2 , 18 Jul 2008 , N/A , N/A , Shahid Kapoor& Vidya Balan& Vishal Malhotra& Om Puri , https://m.media-amazon.com/images/M/MV5BNTU2MTUwMjU2NV5BMl5BanBnXkFtZTcwOTE5NTk5Mw@@._V1_SX300.jpg
Bhoothnath , movie , India , Vivek Sharma , Hindi , Moving into a new house & a family witnesses an unfriendly ghost who wants to drive them away from the house. However & he befriends a little boy who changes his outlook forever. , N/A , Comedy& Drama& Family& Fantasy , 6.3 , 09 May 2008 , TV-Y7 , 1 nomination. , Amitabh Bachchan& Juhi Chawla& Satish Shah& Rajpal Yadav , https://m.media-amazon.com/images/M/MV5BZjE4M2ZlZjEtYmRjMS00YzUzLTgzZmItZjZhNjk1N2RjMTg0XkEyXkFqcGdeQXVyODE5NzE3OTE@._V1_SX300.jpg
Shaurya: It Takes Courage to Make Right... Right , movie , India , Samar Khan , Hindi , A army lawyer goes out of his way to defend an army officer charged with the homicide of a decorated officer. , N/A , Crime& Drama& Thriller , 7.3 , 04 Apr 2008 , Not Rated , N/A , Rahul Bose& Javed Jaffrey& Minissha Lamba& Seema Biswas , https://m.media-amazon.com/images/M/MV5BMzQwMDIyYTUtNDJhNi00N2RlLWEyNTctNDFjZTk0NTIwYzNhXkEyXkFqcGdeQXVyODE5NzE3OTE@._V1_SX300.jpg
Om Shanti Om , movie , India , Farah Khan , Hindi& Urdu , In the 1970s & Om & an aspiring actor & is murdered & but is immediately reincarnated into the present day. He attempts to discover the mystery of his demise and find Shanti & the love of his previous life. , N/A , Action& Comedy& Drama& Musical& Romance& Thriller , 6.7 , 09 Nov 2007 , PG-13 , 35 wins & 24 nominations. , Shah Rukh Khan& Arjun Rampal& Kiron Kher& Shreyas Talpade , https://m.media-amazon.com/images/M/MV5BZDQxM2RkZDItNDFkMi00NTVkLTlhNTUtNzM1MzkxNWZjYjQ2XkEyXkFqcGdeQXVyMTExNDQ2MTI@._V1_SX300.jpg
Heyy Babyy , movie , India , Sajid Khan , Hindi , Three bachelors who are compulsive womanizers find their lives turned upside down when a baby is left at their doorstep. The trio suspect each other of being the father. , N/A , Comedy& Drama , 6.0 , 24 Aug 2007 , Not Rated , N/A , Juanna Sanghvi& Akshay Kumar& Fardeen Khan& Riteish Deshmukh , https://m.media-amazon.com/images/M/MV5BMTY1OTc2MTY3M15BMl5BanBnXkFtZTgwMDgxMTA2MDE@._V1_SX300.jpg
Chak de! India , movie , India , Shimit Amin , Hindi , Kabir Khan is the coach of the Indian Women's National Hockey Team and his dream is to make his all girls team emerge victorious against all odds. , 68 , Drama& Family& Sport , 8.2 , 10 Aug 2007 , Not Rated , 28 wins & 13 nominations. , Shah Rukh Khan& Vidya Malvade& Sagarika Ghatge& Shilpa Shukla , https://m.media-amazon.com/images/M/MV5BMTUzODMyNzk4NV5BMl5BanBnXkFtZTgwNTk1NTYyNTM@._V1_SX300.jpg
I See You , movie , India , Vivek b Agrawal , Hindi& German , Dr. Shivani Dutt lives a wealthy lifestyle in London & England & along with her widowed mom & and a dog named Kaali. She works at the Thomwell Hospital. One day she notices that some of her ... , N/A , Comedy& Drama& Fantasy& Romance , 4.1 , 29 Dec 2006 , Not Rated , N/A , Arjun Rampal& Vipasha Agarwal& Chunky Pandey& Boman Irani , https://m.media-amazon.com/images/M/MV5BMjgzNTYxOWItOWNlNS00MjU5LWFmOTItZmM4NzljNTliOGUzXkEyXkFqcGdeQXVyODE5NzE3OTE@._V1_SX300.jpg
Don , movie , India , Farhan Akhtar , Hindi , A simple man & Vijay & is recruited by a police officer to masquerade as Don & the leader of an international gang of smugglers. But things go wrong when the officer is killed and Vijay is left to fend for himself. , N/A , Action& Crime& Thriller , 7.2 , 20 Oct 2006 , Not Rated , 1 win & 10 nominations. , Shah Rukh Khan& Priyanka Chopra& Arjun Rampal& Isha Koppikar , https://m.media-amazon.com/images/M/MV5BMzAyMWE0MjgtMDVjNS00ZDMyLWE4NjQtNWU2ZDgyYTlmMjdjXkEyXkFqcGdeQXVyNjQ2MjQ5NzM@._V1_SX300.jpg
Kabhi Alvida Naa Kehna , movie , India , Karan Johar , Hindi& English , Dev & a former football player is married to Rhea & a successful fashion editor. Maya is a kindergarten teacher who is married to Rishi & an outgoing event planner. These couples' lives intersect and they each question their own marriage. , N/A , Drama& Romance , 6.1 , 11 Aug 2006 , R , 8 wins & 22 nominations. , Amitabh Bachchan& Shah Rukh Khan& Abhishek Bachchan& Rani Mukerji , https://m.media-amazon.com/images/M/MV5BNjllNTM0ZWQtMDMyOS00Yzc5LWFlNGYtNTA3MzY0ZjY5YWRiXkEyXkFqcGdeQXVyODE5NzE3OTE@._V1_SX300.jpg
Alag: He Is Different.... He Is Alone... , movie , India , Ashu Trikha , Hindi , An odd orphan boy is forced to use his secret super powers when his new classmates bully him. A scientist abducts him to use the boy's powers for his own evil gains. , N/A , Action& Drama& Fantasy& Sci-Fi& Thriller , 3.8 , 16 Jun 2006 , N/A , N/A , Akshay Kapoor& Dia Mirza& Yatin Karyekar& Jayant Kripalani , https://m.media-amazon.com/images/M/MV5BYWJhNGYxOWYtODM4MC00NzI0LTg0OTQtNWM0MjQ4OTQ4YjNkXkEyXkFqcGdeQXVyODE5NzE3OTE@._V1_SX300.jpg
Kar Le Kar Le Koi Dhamaal , movie , India , N/A , Hindi , N/A , N/A , Short& Musical , N/A , 01 Jan 2006 , N/A , N/A , Shah Rukh Khan , N/A
Paheli , movie , India , Amol Palekar , Hindi , A folk tale - supernatural love story about a ghost who falls in love with a newlywed woman. , N/A , Drama& Fantasy& Romance , 6.5 , 24 Jun 2005 , Not Rated , 5 wins & 12 nominations. , Shah Rukh Khan& Rani Mukerji& Anupam Kher& Naseeruddin Shah , https://m.media-amazon.com/images/M/MV5BMjNmMDJjZWEtMTRjMS00YzMwLWI2NzMtYjY3YjA2NzY3ZWViXkEyXkFqcGdeQXVyODE5NzE3OTE@._V1_SX300.jpg
Silsiilay , movie , India , Khalid Mohamed , Hindi , A group of women find solidarity with each other as they negotiate their complicated love-lives. , N/A , Drama , 4.2 , 17 Jun 2005 , Not Rated , N/A , Tabu& Bhoomika Chawla& Riya Sen& Celina Jaitly , https://m.media-amazon.com/images/M/MV5BZmY4MjQ2NTAtMmJiZC00YjNkLThhYTMtZmVhMzA1M2M0OTI4XkEyXkFqcGdeQXVyNjQ2MjQ5NzM@._V1_SX300.jpg
Kaal , movie , India , Soham Shah , Hindi , A tiger expert & his wife & two tourists and a village chief engage in a battle for survival against supernatural beasts within Jim Corbett National Wildlife Park. , N/A , Adventure& Horror& Mystery& Sci-Fi& Thriller , 4.6 , 29 Apr 2005 , Not Rated , 2 nominations. , Ajay Devgn& Vivek Oberoi& John Abraham& Lara Dutta , https://m.media-amazon.com/images/M/MV5BMzcwZTliMDMtYTRiZi00MTY0LTkwM2UtZTM2MmQ0NDA3MTgxXkEyXkFqcGdeQXVyODE5NzE3OTE@._V1_SX300.jpg
Swades , movie , India , Ashutosh Gowariker , Hindi& English , A successful Indian scientist returns to an Indian village to take his nanny to America with him and in the process rediscovers his roots. , N/A , Drama , 8.2 , 17 Dec 2004 , Not Rated , 12 wins & 23 nominations. , Shah Rukh Khan& Gayatri Joshi& Kishori Ballal& Smit Sheth , https://m.media-amazon.com/images/M/MV5BYzExOTcwNjYtZTljMC00YTQ2LWI2YjYtNWFlYzQ0YTJhNzJmXkEyXkFqcGdeQXVyNjQ2MjQ5NzM@._V1_SX300.jpg
Veer-Zaara , movie , India , Yash Chopra , Hindi& Urdu& Punjabi , Veer-Zaara is a saga of love & separation & courage and sacrifice. A love story that is an inspiration and will remain a legend forever. , 67 , Drama& Family& Musical& Romance , 7.8 , 12 Nov 2004 , Not Rated , 26 wins & 29 nominations. , Shah Rukh Khan& Preity Zinta& Rani Mukerji& Kiron Kher , https://m.media-amazon.com/images/M/MV5BY2VlOTc4ZjctYjVlMS00NDYwLWEwZjctZmYzZmVkNGU5NjNjXkEyXkFqcGdeQXVyODE5NzE3OTE@._V1_SX300.jpg
I'm Always Here , movie , India , Farah Khan , Hindi , An army major goes undercover as a college student. His mission is both professional and personal: to protect his general's daughter from a radical militant & and to find his estranged half-brother. , N/A , Action& Comedy& Drama& Musical& Romance& Thriller , 7.0 , 30 Apr 2004 , Not Rated , 8 wins & 34 nominations. , Shah Rukh Khan& Sushmita Sen& Sunil Shetty& Zayed Khan , https://m.media-amazon.com/images/M/MV5BODVkNjU4NGMtODMwNi00ZWU4LWI3ZmYtNjgxNzIyNjY5MmI1XkEyXkFqcGdeQXVyODE5NzE3OTE@._V1_SX300.jpg
Yeh Lamhe Judaai Ke , movie , India , Birendra Nath Tiwari , Hindi , Dushyant and Jaya are childhood friends. In spite of his family's poverty & Dushyant has one great ambition in life: to become a successful singer. Jaya encourages him all she can and helps ... , N/A , Drama& Mystery& Romance& Thriller , 4.3 , 09 Apr 2004 , N/A , N/A , Shah Rukh Khan& Raveena Tandon& Navneet Nishan& Avtar Gill , https://m.media-amazon.com/images/M/MV5BNDRiY2NhMzQtN2YyOS00YzJlLWIxNDQtYTA2YzRlODdmZDZkXkEyXkFqcGdeQXVyODE5NzE3OTE@._V1_SX300.jpg
Kal Ho Naa Ho , movie , India , Nikkhil Advani , Hindi& Urdu& Gujarati& Punjabi , Naina & an introverted & perpetually depressed girl's life changes when she meets Aman. But Aman has a secret of his own which changes their lives forever. Embroiled in all this is Rohit & Naina's best friend who conceals his love for her. , 54 , Comedy& Drama& Romance , 8.0 , 28 Nov 2003 , Not Rated , 39 wins & 41 nominations. , Shah Rukh Khan& Preity Zinta& Saif Ali Khan& Jaya Bachchan , https://m.media-amazon.com/images/M/MV5BYmVjNDIxODAtNWZiZi00ZDBlLWJmOTUtNDNjMGExNTViMzE1XkEyXkFqcGdeQXVyNTE0MDc0NTM@._V1_SX300.jpg
Chalte Chalte , movie , India , Aziz Mirza , Hindi , A man pursues a woman who is already engaged and eventually gets married to her. Differences between the two lead to a bitter separation that threatens to destroy their relationship forever. , N/A , Drama& Romance , 6.5 , 13 Jun 2003 , Not Rated , 15 nominations. , Shah Rukh Khan& Rani Mukerji& Jas Arora& Satish Shah , https://m.media-amazon.com/images/M/MV5BYzU4MjI2MjctMzExMC00NTAxLWFjZWMtODk2YzVjMzhkZmU2XkEyXkFqcGdeQXVyODE5NzE3OTE@._V1_SX300.jpg
Saathiya , movie , India , Shaad Ali , Hindi , A couple elopes to get married and set up home hoping that just love will do the trick - but that's just the beginning of their story. , N/A , Drama& Family& Romance , 6.8 , 20 Dec 2002 , Not Rated , 14 wins & 5 nominations. , Vivek Oberoi& Rani Mukerji& Shah Rukh Khan& Tabu , https://m.media-amazon.com/images/M/MV5BN2ZhNzI2NWEtOGMxMC00M2RkLWEyMzctZjUyYzUzOWEzZTRiXkEyXkFqcGdeQXVyNTkzNDQ4ODc@._V1_SX300.jpg
Shakthi: The Power , movie , India , Krishna Vamsi , Hindi& English , A couple visits the husband's family in India and finds itself in the middle of a fratricidal battle. , N/A , Action& Drama , 6.0 , 20 Sep 2002 , N/A , 2 nominations. , Karisma Kapoor& Nana Patekar& Sanjay Kapoor& Jai Gidwani , https://m.media-amazon.com/images/M/MV5BYmE1ZjVjODQtZmY3MC00YTY4LTk4MzgtNzBhNTY0M2JhMDBhXkEyXkFqcGdeQXVyOTk3NTc2MzE@._V1_SX300.jpg
Hum Tumhare Hain Sanam , movie , India , K.S. Adiyaman , Hindi , Gopal's blissful married life with Radha blemishes when Radha gets obsessed with the career of her friend & Suraj & who is a singer. Ripped apart by jealousy & Gopal deserts Radha. , N/A , Drama& Romance , 5.4 , 24 May 2002 , Not Rated , N/A , Shah Rukh Khan& Madhuri Dixit& Salman Khan& Atul Agnihotri , https://m.media-amazon.com/images/M/MV5BNzA1Yjg4MGEtZGMzYy00ZmM0LWJjNjAtMmMxZTZiYTY0ZjJmXkEyXkFqcGdeQXVyODE5NzE3OTE@._V1_SX300.jpg
Devdas , movie , India , Sanjay Leela Bhansali , Hindi& Urdu& Bengali , After his wealthy family prohibits him from marrying the woman he is in love with & Devdas Mukherjee's life spirals further and further out of control as he takes up alcohol and a life of vice to numb the pain. , N/A , Drama& Musical& Romance , 7.6 , 12 Jul 2002 , Not Rated , Nominated for 1 BAFTA Film Award. Another 57 wins & 7 nominations. , Shah Rukh Khan& Aishwarya Rai Bachchan& Madhuri Dixit& Jackie Shroff , https://m.media-amazon.com/images/M/MV5BY2QxMGM4Y2QtMGFmMy00ZjZkLWExMWQtNTY1Yjc0MDFjZjY0XkEyXkFqcGdeQXVyNTE0MDc0NTM@._V1_SX300.jpg
Kya Khoya Kya Paya , movie , India , N/A , Hindi , N/A , N/A , Short& Drama , N/A , 01 Jan 2002 , N/A , N/A , Shah Rukh Khan , N/A
Kabhi Khushi Kabhie Gham... , movie , India , Karan Johar , Hindi& English , After marrying a poor woman & rich Rahul is disowned by his father and moves to London to build a new life. Years later & his now grown up little brother Rohan embarks on a mission to bring Rahul back home and reunite the family again. , N/A , Drama& Musical& Romance , 7.4 , 14 Dec 2001 , Not Rated , 26 wins & 43 nominations. , Amitabh Bachchan& Jaya Bachchan& Shah Rukh Khan& Kajol , https://m.media-amazon.com/images/M/MV5BOTQ5Nzc3NzAtMzZlMS00ZWJjLWIxMGMtNDU4ZTQ1NmNjMjc5XkEyXkFqcGdeQXVyODE5NzE3OTE@._V1_SX300.jpg
Ashoka the Great , movie , India , Santosh Sivan , Hindi , The epic tale of King Asoka's life is recounted here. , N/A , Action& Biography& Drama& History& Romance& War , 6.7 , 26 Oct 2001 , R , 2 wins & 17 nominations. , Shah Rukh Khan& Kareena Kapoor& Danny Denzongpa& Rahul Dev , https://m.media-amazon.com/images/M/MV5BNjk3OTZmYWUtMDYwMy00Y2ZmLWEzMDYtOTg3YjQzNDNkM2E1XkEyXkFqcGdeQXVyODE5NzE3OTE@._V1_SX300.jpg
One 2 Ka 4 , movie , India , Shashilal K. Nair , Hindi , When a cop's partner is killed in the line of duty & he assumed guardianship of his orphaned children while investigating the murder. , N/A , Action& Comedy& Crime& Drama& Thriller , 5.4 , 30 Mar 2001 , Not Rated , N/A , Shah Rukh Khan& Juhi Chawla& Jackie Shroff& Nirmal Pandey , https://m.media-amazon.com/images/M/MV5BMzhkMTA4ODMtM2UyOC00ZGZlLWFhMjUtMmExZGIyMjE4YjNkXkEyXkFqcGdeQXVyOTA0NTIzNzU@._V1_SX300.jpg
Gaja Gamini , movie , India , M.F. Hussain , Hindi , Gaja Gamini & the embodiment of the Indian spirit & inspires artists of all kinds & interacts with and influences the West & and exists through the ages. , N/A , Drama& Fantasy , 5.1 , 01 Dec 2000 , N/A , N/A , Madhuri Dixit& Shabana Azmi& Naseeruddin Shah& Shilpa Shirodkar , https://m.media-amazon.com/images/M/MV5BNTIwMDMwMTQxOF5BMl5BanBnXkFtZTcwMjU2NjMyMQ@@._V1_SX300.jpg
Mohabbatein , movie , India , Aditya Chopra , Hindi , A film about the battle between love and fear & between two stubborn men and their opposing beliefs and the outcome of the love stories of 3 couples. , N/A , Musical& Drama& Romance , 7.1 , 27 Oct 2000 , Not Rated , 16 wins & 24 nominations. , Amitabh Bachchan& Shah Rukh Khan& Uday Chopra& Jugal Hansraj , https://m.media-amazon.com/images/M/MV5BYzU5ZGJiYzQtYjA2Yi00MmNmLTlmZmYtZTcxZjBhZGM1NDcxXkEyXkFqcGdeQXVyNTkzNDQ4ODc@._V1_SX300.jpg
Every Heart That Loves , movie , India , Raj Kanwar , Hindi , Raj is a struggling singer with big dreams who is still waiting for his big break. One night he witnesses an accident where a car spins out of control and lands on the tracks of an ... , N/A , Comedy& Drama& Musical , 5.2 , 24 Jul 2000 , N/A , 1 win & 3 nominations. , Salman Khan& Preity Zinta& Rani Mukerji& Shah Rukh Khan , https://m.media-amazon.com/images/M/MV5BMjY1NzQ4NzM2OF5BMl5BanBnXkFtZTcwMzY1ODgzMQ@@._V1_SX300.jpg
Josh , movie , India , Mansoor Khan , Hindi , Shah Rukh Khan and Sharad Kapoor are the leaders of the two rival gangs. Aishwarya Rai is Shah Rukh Khan's twin sister. Shah Rukh is in love with Priya Gill. Chandrachur Singh is Sharad ... , N/A , Action& Drama& Musical& Romance , 6.1 , 09 Jun 2000 , R , 2 wins & 19 nominations. , Shah Rukh Khan& Aishwarya Rai Bachchan& Chandrachur Singh& Sharad S. Kapoor , https://m.media-amazon.com/images/M/MV5BMDhlOWYxNjktNmNlOC00MjVhLTk0YjEtZTg4OWRkNGI4YmY1L2ltYWdlXkEyXkFqcGdeQXVyNzA1NzE3NjI@._V1_SX300.jpg
Hey Ram , movie , India , Kamal Haasan , Tamil& Hindi , Saketh Ram's wife is raped and killed during direct action day riots in Calcutta. He is convinced that Mahatma Gandhi is responsible for all the problems happening in the country and sets out to kill him. , N/A , Crime& Drama& History , 7.9 , 18 Feb 2000 , Not Rated , 5 wins & 7 nominations. , Kamal Haasan& Shah Rukh Khan& Rani Mukerji& Hema Malini , https://m.media-amazon.com/images/M/MV5BY2U3ZWVmODEtZDRiNy00YmFiLTg5ZjEtNzU2ZmJhYzQzZGQ0XkEyXkFqcGdeQXVyODEzOTQwNTY@._V1_SX300.jpg
Phir Bhi Dil Hai Hindustani , movie , India , Aziz Mirza , Hindi , In order to seek justice for a man who exacts vengeance on a politician & who was responsible for his daughter's death & two rival reporters teams up to help him to prove his innocence. , N/A , Comedy& Drama& Musical& Romance , 6.2 , 21 Jan 2000 , Not Rated , 1 win & 4 nominations. , Shah Rukh Khan& Juhi Chawla& Johnny Lever& Paresh Rawal , https://m.media-amazon.com/images/M/MV5BNDI4MGFiY2UtY2JhZC00Y2U0LWExM2MtZWY0MWFjYTdkNTkzXkEyXkFqcGdeQXVyOTk3NTc2MzE@._V1_SX300.jpg
Baadshah , movie , India , Abbas Alibhai Burmawalla& Mastan Alibhai Burmawalla , Hindi , A small time detective is mistaken as a CBI agent and gets embroiled in a deadly mission to save the Chief Minister from an assassination attempt. , N/A , Action& Comedy& Crime& Romance& Thriller , 6.8 , 27 Aug 1999 , N/A , 2 nominations. , Shah Rukh Khan& Twinkle Khanna& Amrish Puri& Johnny Lever , https://m.media-amazon.com/images/M/MV5BYWUxNzBhNTEtNzNmYi00NjE1LWI4ZTMtYThmZTQ4MWZjZGYwXkEyXkFqcGdeQXVyNDUzOTQ5MjY@._V1_SX300.jpg
Sar Ankhon Par , movie , India , Gyan Sahay , Hindi , N/A , N/A , Drama , 6.8 , 01 Jan 1999 , N/A , N/A , Anoushka& Biswajeet& Helen Brodie& Moushumi Chatterjee , https://m.media-amazon.com/images/M/MV5BZjRlNDcxYTQtNzA3Mi00MDEyLWI2NmEtMzk1YjcyM2NhMmQwXkEyXkFqcGdeQXVyNTM0MDc1ODE@._V1_SX300.jpg
Kuch Kuch Hota Hai , movie , India , Karan Johar , Hindi& Urdu& English& Italian , During their college years & Anjali was in love with her best-friend Rahul & but he had eyes only for Tina. Years later & Rahul and the now-deceased Tina's eight-year-old daughter attempts to reunite her father and Anjali. , N/A , Comedy& Drama& Musical& Romance , 7.7 , 16 Oct 1998 , Not Rated , 26 wins & 3 nominations. , Shah Rukh Khan& Kajol& Rani Mukerji& Sana Saeed , https://m.media-amazon.com/images/M/MV5BNGNhNWMwNTgtZmNlOS00OGM3LWIxYzItOWQwZDJjMzQ3MzRlXkEyXkFqcGdeQXVyODE5NzE3OTE@._V1_SX300.jpg
Dil Se.. , movie , India , Mani Ratnam , Hindi& Tamil& Telugu& Assamese& Urdu , The clash between love and ideology is portrayed in this love story between a radio executive and a beautiful revolutionary , N/A , Drama& Romance , 7.6 , 21 Aug 1998 , Not Rated , 7 wins & 2 nominations. , Shah Rukh Khan& Manisha Koirala& Preity Zinta& Raghuvir Yadav , https://m.media-amazon.com/images/M/MV5BMTIzYzE0YTYtNzUyNi00N2VkLTg0OTEtZDBjNTEzYmIzZGFlXkEyXkFqcGdeQXVyODEzOTQwNTY@._V1_SX300.jpg
Duplicate , movie , India , Mahesh Bhatt , Hindi , In order to evade the law & a ruthless don tries to kill his lookalike; a chef and takes his place. , N/A , Action& Comedy& Crime& Thriller , 5.5 , 08 May 1998 , Not Rated , N/A , Juhi Chawla& Shah Rukh Khan& Sonali Bendre& Kajol , https://m.media-amazon.com/images/M/MV5BYzkyZGRkYjEtZGJlNS00YzQ4LWJiNWYtMThhM2VlMWJmMzRiXkEyXkFqcGdeQXVyODE5NzE3OTE@._V1_SX300.jpg
Tickle , movie , India , Basu Chatterjee , Hindi , Happy go-lucky Ajay Prasad lives with his wife & Sunita and a small son & Raju & in Jaipur & India. The family receives an invitation to attend a wedding in Mumbai; as Sunita & Raju are unable ... , N/A , Musical& Romance , 4.6 , N/A , N/A , N/A , Anupam Kher& Pratibha Sinha& Jugal Hansraj& Deb Mukherjee , https://m.media-amazon.com/images/M/MV5BMTcyNTgxODQ1MF5BMl5BanBnXkFtZTcwMzUwMDE0MQ@@._V1_SX300.jpg
Pardes , movie , India , Subhash Ghai , Hindi , Kishorilal wants an Indian bride for his westernised son. He gets him engaged to Ganga & his friend's daughter & and brings her to USA. But she shares a deeper bond with Arjun & Kishorilal's foster son. , N/A , Drama& Musical& Romance , 7.0 , 08 Dec 1997 , Not Rated , 3 wins. , Shah Rukh Khan& Mahima Chaudhry& Amrish Puri& Apoorva Agnihotri , https://m.media-amazon.com/images/M/MV5BNTczMzc2MjYwNF5BMl5BanBnXkFtZTgwNTk4ODk1MDE@._V1_SX300.jpg
Dil To Pagal Hai , movie , India , Yash Chopra , Hindi , A grand musical about three passionate and dreamy characters: Rahul & Pooja and Nisha. Will their dreams come true? Will they find their true love? , N/A , Comedy& Drama& Musical& Romance , 7.0 , 30 Oct 1997 , Not Rated , 15 wins & 3 nominations. , Shah Rukh Khan& Madhuri Dixit& Karisma Kapoor& Akshay Kumar , https://m.media-amazon.com/images/M/MV5BYWQ5ZjgyMmEtMWUwNi00YmJjLTljOWUtNDlkNjNlMDU2NDJjXkEyXkFqcGdeQXVyNTkzNDQ4ODc@._V1_SX300.jpg
Yes Boss , movie , India , Aziz Mirza , Hindi& English , Rahul Joshi wants to be a successful businessman so he works hard for his boss Siddharth. One day Rahul meets Seema & an up and coming model & and he feels like he's finally met his match. Will Seema fall for Rahul? , N/A , Comedy& Drama& Musical& Romance , 6.9 , 18 Jul 1997 , N/A , 1 win & 4 nominations. , Shah Rukh Khan& Juhi Chawla& Aditya Pancholi& Kashmira Shah , https://m.media-amazon.com/images/M/MV5BMjk3NDQ5NzgtMzM3MC00MjllLThhOGYtMWUwN2EzYWNiODgzXkEyXkFqcGdeQXVyODE5NzE3OTE@._V1_SX300.jpg
Koyla , movie , India , Rakesh Roshan , Hindi , A village girl agrees to a marriage to a king she has never met after he sends her a photograph of himself. But the man in the photograph is not the king but his most loyal slave & the handsome but mute Shankar. , N/A , Action& Drama& Musical& Romance& Thriller , 6.2 , 07 Apr 1997 , N/A , 3 nominations. , Shah Rukh Khan& Madhuri Dixit& Amrish Puri& Ranjeet , https://m.media-amazon.com/images/M/MV5BMTkyODI2NzQzMl5BMl5BanBnXkFtZTcwNzYyNDE0MQ@@._V1_SX300.jpg
English Babu Desi Mem , movie , India , Praveen Nischol , N/A , After his brother dies & wealthy Vikram reluctantly goes back to India and forms a surprise bond with his orphaned nephew and the showgirl raising him. , N/A , Comedy& Drama& Musical& Romance , 4.7 , N/A , Not Rated , N/A , Shah Rukh Khan& Sonali Bendre& Rajeshwari& Saeed Jaffrey , https://m.media-amazon.com/images/M/MV5BN2FmMjU1ZjAtYmY5MS00ODM4LWE5MDAtYzUxMDhhNTIwNzc3XkEyXkFqcGdeQXVyNTE0MDc0NTM@._V1_SX300.jpg
Dushman Duniya Ka , movie , India , Mehmood& Tabrez Hashmi , Hindi , A social drama about the drug addiction among the youth and its adverse effects on their lives. , N/A , Drama , 4.5 , 20 Sep 1996 , N/A , N/A , Laila& Mehmood& Manzoor Ali& Chetana Das , https://m.media-amazon.com/images/M/MV5BYzIyYjMwNzktNmNjMy00ZmFiLWEyNmItNmRkZjM2NDA5NDE4XkEyXkFqcGdeQXVyNTE0MDc0NTM@._V1_SX300.jpg
Army , movie , India , Raam Shetty , Hindi , When captain Arjun from the Indian army dares to oppose the criminal activities of a lecherous Zamindar & Nagraj he is mercilessly killed. Arjun's wife Geeta; a lawyer by profession attempts... , N/A , Action& Drama , 4.5 , 28 Jun 1996 , Not Rated , N/A , Sridevi& Shah Rukh Khan& Harish& Mohnish Bahl , https://m.media-amazon.com/images/M/MV5BYjQ1OWFmNjctMmRmZS00YzUwLTk5NjAtYjk3MzhiZjg0ZmM0XkEyXkFqcGdeQXVyNjExODE1MDc@._V1_SX300.jpg
Chaahat , movie , India , Mahesh Bhatt , Hindi , Street-wise musician Roop Singh Rathod must take his father & Shambunath to Mumbai in order to seek medical treatment for a throat ailment. Once in Mumbai Roop takes up a job as a singer in ... , N/A , Drama& Romance , 5.6 , 06 Jun 1996 , Not Rated , N/A , Naseeruddin Shah& Shah Rukh Khan& Pooja Bhatt& Anupam Kher , https://m.media-amazon.com/images/M/MV5BNjQ4NGExZTMtMTRhMi00MDdhLWExZTAtYzI0ZmM5YTIxOGMxL2ltYWdlL2ltYWdlXkEyXkFqcGdeQXVyNjQ2MjQ5NzM@._V1_SX300.jpg
Trimurti , movie , India , Mukul Anand , Hindi , Brothers (Shahrukh Khan & Anil Kapoor & Jackie Shroff) band together for a time & separate & then reunite for revenge on the man who killed their father and jailed their mother. , N/A , Action& Drama , 4.8 , 22 Dec 1995 , Not Rated , N/A , Anil Kapoor& Shah Rukh Khan& Jackie Shroff& Gautami , https://m.media-amazon.com/images/M/MV5BMjAxODA1OTY1Nl5BMl5BanBnXkFtZTgwMzQ4ODk1MDE@._V1_SX300.jpg
Ram Jaane , movie , India , Rajiv Mehra , Hindi , Ram Jaane is arrested by a security guard after stealing cargo from a train with his best friend. He is shortly released and becomes one of the biggest hustlers in the city. After a deadly ... , N/A , Action& Crime& Drama& Romance , 5.6 , 24 Nov 1995 , Not Rated , N/A , Shah Rukh Khan& Juhi Chawla& Vivek Mushran& Pankaj Kapur , https://m.media-amazon.com/images/M/MV5BMTc1MDkzODk2Nl5BMl5BanBnXkFtZTcwNjA2ODgzMQ@@._V1_SX300.jpg
Dilwale Dulhania Le Jayenge , movie , India , Aditya Chopra , Hindi& English& Punjabi , When Raj meets Simran in Europe & it isn't love at first sight but when Simran moves to India for an arranged marriage & love makes its presence felt. , N/A , Drama& Romance , 8.1 , 20 Oct 1995 , Not Rated , 15 wins & 3 nominations. , Shah Rukh Khan& Kajol& Amrish Puri& Farida Jalal , https://m.media-amazon.com/images/M/MV5BMDQ2ZmE2NTMtZDE3NC00YzFjLWJhNmEtMDEzMTI5ZjU2ZGM0XkEyXkFqcGdeQXVyNTkzNDQ4ODc@._V1_SX300.jpg
Oh Darling Yeh Hai India , movie , India , Ketan Mehta , Hindi , Miss India and an aspiring actor spend a night together roaming the streets of Mumbai and unwittingly clash paths with a megalomaniacal gangster planning to take over India. , N/A , Comedy , 4.2 , 11 Aug 1995 , N/A , N/A , Shah Rukh Khan& Deepa Sahi& Javed Jaffrey& Anupam Kher , https://m.media-amazon.com/images/M/MV5BNDAxMDhmNTUtZDllMS00MGYyLWIyYTEtMzE3NWQ1NjdlYjJjXkEyXkFqcGdeQXVyNTE0MDc0NTM@._V1_SX300.jpg
Guddu , movie , India , Prem Lalwani , Hindi , Guddu Bahadur meets fellow collegian & Salina Gupta and both fall in love with each other. Then one day both meet in a vehicle accident resulting in Salina losing her sight; Guddu holds ... , N/A , Drama& Romance , 4.5 , 31 Jul 1995 , N/A , N/A , Deepti Naval& Ashok Saraf& Manisha Koirala& Shah Rukh Khan , https://m.media-amazon.com/images/M/MV5BMTYxNDYxNzY4N15BMl5BanBnXkFtZTcwNDM2ODgzMQ@@._V1_SX300.jpg
Zamaana Deewana , movie , India , Ramesh Sippy , Hindi , With crime flourishing out of control & the Assistant Commissioner of Police (ACP) arranges a meeting of senior police officers to discuss this situation. They are apprised that there are ... , N/A , Action& Comedy& Drama& Romance , 5.2 , 28 Jul 1995 , Not Rated , N/A , Jeetendra& Shatrughan Sinha& Shah Rukh Khan& Raveena Tandon , https://m.media-amazon.com/images/M/MV5BMTAxOTcwNzgzNzheQTJeQWpwZ15BbWU3MDMzNzg4MzE@._V1_SX300.jpg
Karan Arjun , movie , India , Rakesh Roshan , Hindi , Karan and Arjun reincarnate in the different parts of the country. But the faith of their previous mother brings them together in order to avenge their death. , N/A , Action& Comedy& Fantasy& Romance , 6.8 , 13 Jan 1995 , N/A , 1 nomination. , Rakhee Gulzar& Salman Khan& Shah Rukh Khan& Amrish Puri , https://m.media-amazon.com/images/M/MV5BNWRhNTY3YzMtNjdmZi00ZTM5LTgzNDctNmU3NzliY2MyODdhXkEyXkFqcGdeQXVyODE5NzE3OTE@._V1_SX300.jpg
Anjaam , movie , India , Rahul Rawail , Hindi , Vijay falls in love Shivani and proposes her only to be rejected every time. However his love turns into an obsession and turns her life into a hell. , N/A , Drama& Thriller , 7.0 , 22 Apr 1994 , Not Rated , 1 win & 1 nomination. , Madhuri Dixit& Shah Rukh Khan& Tinnu Anand& Johnny Lever , https://m.media-amazon.com/images/M/MV5BZDQwNTQ2NzAtNTFiNy00NzUyLWE3MTMtYjUzMjFlMzgwZWRmXkEyXkFqcGdeQXVyODE5NzE3OTE@._V1_SX300.jpg
Kabhi Haan Kabhi Naa , movie , India , Kundan Shah , Hindi& English , Sunil and some of his friends start a band and perform at weddings and special occasions. Sunil is in love with Aana but Aana loves Chris; when Sunil finds out about this he decides to ... , N/A , Comedy& Drama& Music& Musical& Romance , 7.8 , 25 Feb 1994 , N/A , 2 wins. , Shah Rukh Khan& Suchitra Krishnamoorthi& Deepak Tijori& Rita Bhaduri , https://m.media-amazon.com/images/M/MV5BYmFjYTRmMzctNWU5YS00MjY2LTg4Y2EtZDZkMWI0YjIzMjVlXkEyXkFqcGdeQXVyODE5NzE3OTE@._V1_SX300.jpg
Darr , movie , India , Yash Chopra , Hindi& English , Darr is a girl's (Kiran) story caught between one man's (Sunil) love and another man's (Rahul) obsession. , N/A , Drama& Romance& Thriller , 7.8 , 24 Dec 1993 , Not Rated , 2 wins & 2 nominations. , Juhi Chawla& Sunny Deol& Shah Rukh Khan& Anupam Kher , https://m.media-amazon.com/images/M/MV5BYTczYzgzNmUtZDBkOC00Mjg5LThmOWQtYjYzNjFjNzlhYmEyXkEyXkFqcGdeQXVyNTkzNDQ4ODc@._V1_SX300.jpg
Baazigar , movie , India , Abbas Alibhai Burmawalla& Mastan Alibhai Burmawalla , Hindi , A young man with a vendetta against a business tycoon seduces and kills his eldest daughter and then proceeds to his younger daughter but she begins to suspect her new lover's ulterior motive. , N/A , Crime& Drama& Musical& Romance& Thriller , 7.7 , 12 Nov 1993 , R , 4 wins & 6 nominations. , Shah Rukh Khan& Kajol& Dalip Tahil& Rakhee Gulzar , https://m.media-amazon.com/images/M/MV5BMTc3OTE1MDAxNV5BMl5BanBnXkFtZTgwNjM1NDk5NTE@._V1_SX300.jpg
Maya , movie , France& UK& India , Ketan Mehta , Hindi , A beautiful & wealthy woman's insatiable appetite for romance leads to tragedy and a police investigation. , N/A , Drama& Mystery& Romance , 5.3 , 02 Jul 1993 , N/A , 1 win. , Deepa Sahi& Farooq Shaikh& Raj Babbar& Shah Rukh Khan , https://m.media-amazon.com/images/M/MV5BOWVhZDFmZDQtMzE5Mi00YmVkLWJkMTUtZjYzNGUzMmVmMzA1XkEyXkFqcGdeQXVyODE5NzE3OTE@._V1_SX300.jpg
King Uncle , movie , India , Rakesh Roshan , Hindi , Stern & strict and prestigious Ashok Bansal is an industrialist and the eldest in the Bansal family. He is a very strict man especially when it comes to his family & his younger brother & Anil... , N/A , Comedy& Drama& Family , 5.2 , 05 Feb 1993 , N/A , N/A , Jackie Shroff& Shah Rukh Khan& Nagma& Sushmita Mukherjee , https://m.media-amazon.com/images/M/MV5BZjI0ZjU4M2ItZTE3MC00MDM1LWE0MTAtYTY0NzY0Y2YzMmJhXkEyXkFqcGdeQXVyODE5NzE3OTE@._V1_SX300.jpg
Raju Ban Gaya Gentleman , movie , India , Aziz Mirza , Hindi , A young man (Shahrukh Khan) romances a beautiful woman while dreaming of success as an engineer. , N/A , Musical& Comedy& Romance , 6.8 , 13 Nov 1992 , N/A , 1 win & 1 nomination. , Shah Rukh Khan& Juhi Chawla& Nana Patekar& Amrita Singh , https://m.media-amazon.com/images/M/MV5BNzFiYTk0ZmYtYWY3OC00MGQ1LWFjZGEtMjZmOTQyZWFjYjg2XkEyXkFqcGdeQXVyODE5NzE3OTE@._V1_SX300.jpg
Dil Aashna Hai (...The Heart Knows) , movie , India , Hema Malini , Hindi , Laila & brought up in a brothel & is a cabaret dancer in Digvijay Singh's five star hotel. On day her dying mother informs her that Laila is her adopted child. Laila is aided by Karan in her ... , N/A , Drama& Romance , 5.1 , 23 Oct 1992 , N/A , N/A , Jeetendra& Mithun Chakraborty& Dimple Kapadia& Amrita Singh , https://m.media-amazon.com/images/M/MV5BMjhlYjI3MjMtNDhkMC00ODBhLWE5ODQtNDUwYzRmZGM1MTgzXkEyXkFqcGdeQXVyNTE0MDc0NTM@._V1_SX300.jpg
Chamatkar , movie , India , Rajiv Mehra , Hindi , Sunder Srivastava (Shah Rukh Khan) is a young graduate whose main ambition in life is to fulfil his father's dream of starting a school on his half-acre property in his village & though he ... , N/A , Comedy& Drama& Fantasy , 6.7 , 08 Jul 1992 , PG , N/A , Naseeruddin Shah& Shah Rukh Khan& Urmila Matondkar& Malvika Tiwari , https://m.media-amazon.com/images/M/MV5BOTlkYTI1ZWItZmFmMy00MjA0LWEwZDItYTAwYzI3MGVhNjFlXkEyXkFqcGdeQXVyNjQ2MjQ5NzM@._V1_SX300.jpg
Deewana , movie , India , Raj Kanwar , Hindi , Kajal is a beautiful and talented young woman who loves songs and dances and attends various shows. At one of the shows she attended she gets to meet Ravi & a popular singer and both are ... , N/A , Action& Comedy& Crime& Musical& Romance , 7.0 , 25 Jun 1992 , Unrated , 3 wins. , Rishi Kapoor& Divya Bharti& Shah Rukh Khan& Alok Nath , https://m.media-amazon.com/images/M/MV5BZDViMGViYjQtYTNmYS00Mzc3LWEzMDAtMmY2MjNjMzk5YjM3XkEyXkFqcGdeQXVyODE5NzE3OTE@._V1_SX300.jpg
Idiot , series , India , N/A , Hindi , An epileptic man (Myshkin) returns from medical treatment abroad and finds himself in love with Nastasia. There are twists and turns as the he gets engaged to another woman (Amba) only to ... , N/A , Drama , 7.3 , 08 Oct 1992 , N/A , 1 win. , Vasudeo Bhatt& Babulal Bora& Meenakshi Goswami& Navjot Hansra , https://m.media-amazon.com/images/M/MV5BZTVhZWQ2NjUtNmEwNy00ZGMzLWI5YjAtNTlmNjZkZmVkZjIzL2ltYWdlL2ltYWdlXkEyXkFqcGdeQXVyMzI0NDM1MjI@._V1_SX300.jpg
Mahaan Karz , movie , India , Dinesh Lakhanpal , Hindi , N/A , N/A , Short& Drama , N/A , 01 Jan 1991 , N/A , N/A , Shah Rukh Khan& Allan Luther& R.K. Mala& Peter Samuel , N/A
Circus , series , India , N/A , Hindi , N/A , N/A , Drama , 8.0 , N/A , N/A , N/A , Haidar Ali& Ashutosh Gowariker& Shah Rukh Khan& Renuka Shahane , N/A
Doosra Keval , series , India , N/A , Hindi , N/A , N/A , Drama , 9.7 , 02 Apr 1989 , N/A , N/A , Arun Bali& Shah Rukh Khan& Natasha Rana , N/A
In Which Annie Gives It Those Ones , movie , India , Pradip Krishen , English , Annie struggles to to clear his bachelor's degree with one final hurdle-The Thesis. It's his final attempt to clear it. Can he? , N/A , Comedy , 8.2 , N/A , N/A , 1 win. , Roshan Seth& Arjun Raina& Arundhati Roy& Rituraj , https://m.media-amazon.com/images/M/MV5BMDQyMGZkMWMtMjU4Mi00NzZhLWExOGItMGYwNTY4NzgyNTFiXkEyXkFqcGdeQXVyMzU0NzkwMDg@._V1_SX300.jpg
Umeed , series , India , N/A , N/A , N/A , N/A , Family , 8.3 , N/A , N/A , N/A , Joy Mukherjee& Mushtaq Khan& Deepti Naval , N/A
Intezaar , series , India , N/A , Hindi , N/A , N/A , Drama , 6.7 , 01 Jan 1989 , N/A , N/A , Suresh Chatwal& Dilip Dhawan& Rajendra Gupta& Javed Khan , N/A
Soldier , series , India , N/A , Hindi , A Highly popular TV Series about a batch of trainees into a commando school & their training and eventual induction as soldiers. , N/A , Action& Drama , 8.5 , N/A , N/A , N/A , Shah Rukh Khan& Rakesh Sharma& Vikram Chopra& Vishwajeet Pradhan , https://m.media-amazon.com/images/M/MV5BMGIxYTdhYTAtZWRjYS00Nzk2LWFhZjYtYjc0ZjdlMTE5NzRkXkEyXkFqcGdeQXVyNTE0MDc0NTM@._V1_SX300.jpg
Wagle Ki Duniya , series , India , N/A , Hindi , N/A , N/A , N/A , 8.8 , N/A , N/A , N/A , Bharati Achrekar& Anjan Srivastav , N/A
Dil Dariya , series , India , N/A , Hindi , N/A , N/A , Romance , 7.4 , 28 Mar 1988 , N/A , N/A , Shah Rukh Khan , N/A
Bard of Blood , series , India , N/A , Hindi , Political espionage thriller based on "Bard of Blood &" by Bilal Siddiqi. , N/A , Action& Adventure& Drama& Thriller , 7.4 , 27 Sep 2019 , N/A , N/A , Emraan Hashmi& Sobhita Dhulipala& Jaideep Ahlawat& Shishir Sharma , https://m.media-amazon.com/images/M/MV5BNjAzZGI0MDctMTgyYi00NDgwLWFmMjgtNTIyMmZhN2FkM2YxXkEyXkFqcGdeQXVyMTkxNjUyNQ@@._V1_SX300.jpg
Don 2 , movie , India& Germany , Farhan Akhtar , Hindi& English& German , An international criminal turns himself in and escapes with an old rival from prison & following which he recruits a team to steal currency printing plates from a bank in Berlin. , 49 , Action& Crime& Thriller , 7.1 , 23 Dec 2011 , Not Rated , 8 wins & 7 nominations. , Shah Rukh Khan& Priyanka Chopra& Boman Irani& Lara Dutta , https://m.media-amazon.com/images/M/MV5BMzNiYWYxNWYtZDYzMC00MzA0LTkzY2UtNDAwNDhiYmVjNmEwXkEyXkFqcGdeQXVyNDUzOTQ5MjY@._V1_SX300.jpg
Ra.One , movie , India& USA , Anubhav Sinha , Hindi& Tamil& Telugu& Chinese& English , When the titular antagonist of an action-adventure video game takes on physical form & it's only the game's less powerful protagonist who can save his creator's family. , 60 , Action& Adventure& Sci-Fi , 4.6 , 26 Oct 2011 , Not Rated , 14 wins & 9 nominations. , Shah Rukh Khan& Arjun Rampal& Kareena Kapoor& Shahana Goswami , https://m.media-amazon.com/images/M/MV5BMzcyMjMxOTg4MF5BMl5BanBnXkFtZTcwNzEwMDE5Ng@@._V1_SX300.jpg
Ghar KI Baat Hain , series , India , N/A , Hindi , N/A , N/A , Comedy , 8.1 , 30 Jan 2009 , N/A , N/A , Ali Asgar& Juhi Babbar& Swwapnil Joshi , N/A
Rab Ne Bana Di Jodi , movie , India , Aditya Chopra , Hindi , A breathtaking & goose flesh igniting & awe inspiring love journey of an ordinary man Suri and his 'total opposite' love Taani. , N/A , Comedy& Drama& Music& Romance , 7.2 , 12 Dec 2008 , Not Rated , 4 wins & 12 nominations. , Shah Rukh Khan& Anushka Sharma& Vinay Pathak& M.K. Raina , https://m.media-amazon.com/images/M/MV5BNjk5MzcxZWQtMzkwMC00OTViLTgzNzctZTIyMTE5ZDY4ZDU1XkEyXkFqcGdeQXVyODE5NzE3OTE@._V1_SX300.jpg
Om Shanti Om , movie , India , Farah Khan , Hindi& Urdu , In the 1970s & Om & an aspiring actor & is murdered & but is immediately reincarnated into the present day. He attempts to discover the mystery of his demise and find Shanti & the love of his previous life. , N/A , Action& Comedy& Drama& Musical& Romance& Thriller , 6.7 , 09 Nov 2007 , PG-13 , 35 wins & 24 nominations. , Shah Rukh Khan& Arjun Rampal& Kiron Kher& Shreyas Talpade , https://m.media-amazon.com/images/M/MV5BZDQxM2RkZDItNDFkMi00NTVkLTlhNTUtNzM1MzkxNWZjYjQ2XkEyXkFqcGdeQXVyMTExNDQ2MTI@._V1_SX300.jpg
Paheli , movie , India , Amol Palekar , Hindi , A folk tale - supernatural love story about a ghost who falls in love with a newlywed woman. , N/A , Drama& Fantasy& Romance , 6.5 , 24 Jun 2005 , Not Rated , 5 wins & 12 nominations. , Shah Rukh Khan& Rani Mukerji& Anupam Kher& Naseeruddin Shah , https://m.media-amazon.com/images/M/MV5BMjNmMDJjZWEtMTRjMS00YzMwLWI2NzMtYjY3YjA2NzY3ZWViXkEyXkFqcGdeQXVyODE5NzE3OTE@._V1_SX300.jpg
Kaal , movie , India , Soham Shah , Hindi , A tiger expert & his wife & two tourists and a village chief engage in a battle for survival against supernatural beasts within Jim Corbett National Wildlife Park. , N/A , Adventure& Horror& Mystery& Sci-Fi& Thriller , 4.6 , 29 Apr 2005 , Not Rated , 2 nominations. , Ajay Devgn& Vivek Oberoi& John Abraham& Lara Dutta , https://m.media-amazon.com/images/M/MV5BMzcwZTliMDMtYTRiZi00MTY0LTkwM2UtZTM2MmQ0NDA3MTgxXkEyXkFqcGdeQXVyODE5NzE3OTE@._V1_SX300.jpg
I'm Always Here , movie , India , Farah Khan , Hindi , An army major goes undercover as a college student. His mission is both professional and personal: to protect his general's daughter from a radical militant & and to find his estranged half-brother. , N/A , Action& Comedy& Drama& Musical& Romance& Thriller , 7.0 , 30 Apr 2004 , Not Rated , 8 wins & 34 nominations. , Shah Rukh Khan& Sushmita Sen& Sunil Shetty& Zayed Khan , https://m.media-amazon.com/images/M/MV5BODVkNjU4NGMtODMwNi00ZWU4LWI3ZmYtNjgxNzIyNjY5MmI1XkEyXkFqcGdeQXVyODE5NzE3OTE@._V1_SX300.jpg
Chalte Chalte , movie , India , Aziz Mirza , Hindi , A man pursues a woman who is already engaged and eventually gets married to her. Differences between the two lead to a bitter separation that threatens to destroy their relationship forever. , N/A , Drama& Romance , 6.5 , 13 Jun 2003 , Not Rated , 15 nominations. , Shah Rukh Khan& Rani Mukerji& Jas Arora& Satish Shah , https://m.media-amazon.com/images/M/MV5BYzU4MjI2MjctMzExMC00NTAxLWFjZWMtODk2YzVjMzhkZmU2XkEyXkFqcGdeQXVyODE5NzE3OTE@._V1_SX300.jpg
Ashoka the Great , movie , India , Santosh Sivan , Hindi , The epic tale of King Asoka's life is recounted here. , N/A , Action& Biography& Drama& History& Romance& War , 6.7 , 26 Oct 2001 , R , 2 wins & 17 nominations. , Shah Rukh Khan& Kareena Kapoor& Danny Denzongpa& Rahul Dev , https://m.media-amazon.com/images/M/MV5BNjk3OTZmYWUtMDYwMy00Y2ZmLWEzMDYtOTg3YjQzNDNkM2E1XkEyXkFqcGdeQXVyODE5NzE3OTE@._V1_SX300.jpg
Phir Bhi Dil Hai Hindustani , movie , India , Aziz Mirza , Hindi , In order to seek justice for a man who exacts vengeance on a politician & who was responsible for his daughter's death & two rival reporters teams up to help him to prove his innocence. , N/A , Comedy& Drama& Musical& Romance , 6.2 , 21 Jan 2000 , Not Rated , 1 win & 4 nominations. , Shah Rukh Khan& Juhi Chawla& Johnny Lever& Paresh Rawal , https://m.media-amazon.com/images/M/MV5BNDI4MGFiY2UtY2JhZC00Y2U0LWExM2MtZWY0MWFjYTdkNTkzXkEyXkFqcGdeQXVyOTk3NTc2MzE@._V1_SX300.jpg
So You Think You Can Dance , series , USA , N/A , English , Dancers skilled in everything from ballroom and ballet to salsa & jive & hip-hop and krumping & all compete to be named the best. Dancers must impress the judges with their moves and rigorous ... , N/A , Game-Show& Music& Reality-TV , 6.8 , N/A , TV-PG , Won 15 Primetime Emmys. Another 5 wins & 71 nominations. , Nigel Lythgoe& Cat Deeley& Mark Thompson& Mary Murphy , https://m.media-amazon.com/images/M/MV5BM2U0MDM4YzgtODZmMS00YjdjLTg1ZWUtNjRmYTQyY2UyZmIwXkEyXkFqcGdeQXVyNzg5OTk2OA@@._V1_SX300.jpg
Shaurya: It Takes Courage to Make Right... Right , movie , India , Samar Khan , Hindi , A army lawyer goes out of his way to defend an army officer charged with the homicide of a decorated officer. , N/A , Crime& Drama& Thriller , 7.3 , 04 Apr 2008 , Not Rated , N/A , Rahul Bose& Javed Jaffrey& Minissha Lamba& Seema Biswas , https://m.media-amazon.com/images/M/MV5BMzQwMDIyYTUtNDJhNi00N2RlLWEyNTctNDFjZTk0NTIwYzNhXkEyXkFqcGdeQXVyODE5NzE3OTE@._V1_SX300.jpg
Chak de! India , movie , India , Shimit Amin , Hindi , Kabir Khan is the coach of the Indian Women's National Hockey Team and his dream is to make his all girls team emerge victorious against all odds. , 68 , Drama& Family& Sport , 8.2 , 10 Aug 2007 , Not Rated , 28 wins & 13 nominations. , Shah Rukh Khan& Vidya Malvade& Sagarika Ghatge& Shilpa Shukla , https://m.media-amazon.com/images/M/MV5BMTUzODMyNzk4NV5BMl5BanBnXkFtZTgwNTk1NTYyNTM@._V1_SX300.jpg
Don , movie , India , Farhan Akhtar , Hindi , A simple man & Vijay & is recruited by a police officer to masquerade as Don & the leader of an international gang of smugglers. But things go wrong when the officer is killed and Vijay is left to fend for himself. , N/A , Action& Crime& Thriller , 7.2 , 20 Oct 2006 , Not Rated , 1 win & 10 nominations. , Shah Rukh Khan& Priyanka Chopra& Arjun Rampal& Isha Koppikar , https://m.media-amazon.com/images/M/MV5BMzAyMWE0MjgtMDVjNS00ZDMyLWE4NjQtNWU2ZDgyYTlmMjdjXkEyXkFqcGdeQXVyNjQ2MjQ5NzM@._V1_SX300.jpg
Mohabbatein , movie , India , Aditya Chopra , Hindi , A film about the battle between love and fear & between two stubborn men and their opposing beliefs and the outcome of the love stories of 3 couples. , N/A , Musical& Drama& Romance , 7.1 , 27 Oct 2000 , Not Rated , 16 wins & 24 nominations. , Amitabh Bachchan& Shah Rukh Khan& Uday Chopra& Jugal Hansraj , https://m.media-amazon.com/images/M/MV5BYzU5ZGJiYzQtYjA2Yi00MmNmLTlmZmYtZTcxZjBhZGM1NDcxXkEyXkFqcGdeQXVyNTkzNDQ4ODc@._V1_SX300.jpg
Baadshah , movie , India , Abbas Alibhai Burmawalla& Mastan Alibhai Burmawalla , Hindi , A small time detective is mistaken as a CBI agent and gets embroiled in a deadly mission to save the Chief Minister from an assassination attempt. , N/A , Action& Comedy& Crime& Romance& Thriller , 6.8 , 27 Aug 1999 , N/A , 2 nominations. , Shah Rukh Khan& Twinkle Khanna& Amrish Puri& Johnny Lever , https://m.media-amazon.com/images/M/MV5BYWUxNzBhNTEtNzNmYi00NjE1LWI4ZTMtYThmZTQ4MWZjZGYwXkEyXkFqcGdeQXVyNDUzOTQ5MjY@._V1_SX300.jpg
Happy New Year , movie , India , Farah Khan , Hindi , A gang of amateur dancers takes part in a dancing competition to avenge their personal vendetta. , N/A , Action& Comedy& Music , 5.1 , 24 Oct 2014 , Not Rated , 11 wins & 38 nominations. , Shah Rukh Khan& Deepika Padukone& Anupam Kher& Abhishek Bachchan , https://m.media-amazon.com/images/M/MV5BMjEwZGQwZWMtNTU4Zi00YWVlLTlhZTYtZjc2MzJmMGVmMDQwXkEyXkFqcGdeQXVyNjQ3ODkxMjE@._V1_SX300.jpg
Shahrukh Bola 'Khoobsurat Hai Tu'... And She Believed in It , movie , India , Makrand Deshpande , Hindi , While dealing with personal issues & a woman hopes to meet and act with a famous actor. , N/A , Comedy& Drama , 6.1 , 19 Nov 2010 , N/A , N/A , Suzanne Bernert& Nagesh Bhonsle& Pritika Chawla& Sanjay Dadheech , https://m.media-amazon.com/images/M/MV5BYzllMmIxOTgtOWIwNC00YmI1LTg1MTEtYWIxZDAzYTkzODZlXkEyXkFqcGdeQXVyNDUzOTQ5MjY@._V1_SX300.jpg
Chak de! India , movie , India , Shimit Amin , Hindi , Kabir Khan is the coach of the Indian Women's National Hockey Team and his dream is to make his all girls team emerge victorious against all odds. , 68 , Drama& Family& Sport , 8.2 , 10 Aug 2007 , Not Rated , 28 wins & 13 nominations. , Shah Rukh Khan& Vidya Malvade& Sagarika Ghatge& Shilpa Shukla , https://m.media-amazon.com/images/M/MV5BMTUzODMyNzk4NV5BMl5BanBnXkFtZTgwNTk1NTYyNTM@._V1_SX300.jpg
Don , movie , India , Farhan Akhtar , Hindi , A simple man & Vijay & is recruited by a police officer to masquerade as Don & the leader of an international gang of smugglers. But things go wrong when the officer is killed and Vijay is left to fend for himself. , N/A , Action& Crime& Thriller , 7.2 , 20 Oct 2006 , Not Rated , 1 win & 10 nominations. , Shah Rukh Khan& Priyanka Chopra& Arjun Rampal& Isha Koppikar , https://m.media-amazon.com/images/M/MV5BMzAyMWE0MjgtMDVjNS00ZDMyLWE4NjQtNWU2ZDgyYTlmMjdjXkEyXkFqcGdeQXVyNjQ2MjQ5NzM@._V1_SX300.jpg
Josh , movie , India , Mansoor Khan , Hindi , Shah Rukh Khan and Sharad Kapoor are the leaders of the two rival gangs. Aishwarya Rai is Shah Rukh Khan's twin sister. Shah Rukh is in love with Priya Gill. Chandrachur Singh is Sharad ... , N/A , Action& Drama& Musical& Romance , 6.1 , 09 Jun 2000 , R , 2 wins & 19 nominations. , Shah Rukh Khan& Aishwarya Rai Bachchan& Chandrachur Singh& Sharad S. Kapoor , https://m.media-amazon.com/images/M/MV5BMDhlOWYxNjktNmNlOC00MjVhLTk0YjEtZTg4OWRkNGI4YmY1L2ltYWdlXkEyXkFqcGdeQXVyNzA1NzE3NjI@._V1_SX300.jpg
Baadshah , movie , India , Abbas Alibhai Burmawalla& Mastan Alibhai Burmawalla , Hindi , A small time detective is mistaken as a CBI agent and gets embroiled in a deadly mission to save the Chief Minister from an assassination attempt. , N/A , Action& Comedy& Crime& Romance& Thriller , 6.8 , 27 Aug 1999 , N/A , 2 nominations. , Shah Rukh Khan& Twinkle Khanna& Amrish Puri& Johnny Lever , https://m.media-amazon.com/images/M/MV5BYWUxNzBhNTEtNzNmYi00NjE1LWI4ZTMtYThmZTQ4MWZjZGYwXkEyXkFqcGdeQXVyNDUzOTQ5MjY@._V1_SX300.jpg
I'm Always Here , movie , India , Farah Khan , Hindi , An army major goes undercover as a college student. His mission is both professional and personal: to protect his general's daughter from a radical militant & and to find his estranged half-brother. , N/A , Action& Comedy& Drama& Musical& Romance& Thriller , 7.0 , 30 Apr 2004 , Not Rated , 8 wins & 34 nominations. , Shah Rukh Khan& Sushmita Sen& Sunil Shetty& Zayed Khan , https://m.media-amazon.com/images/M/MV5BODVkNjU4NGMtODMwNi00ZWU4LWI3ZmYtNjgxNzIyNjY5MmI1XkEyXkFqcGdeQXVyODE5NzE3OTE@._V1_SX300.jpg
Kuch Kuch Hota Hai , movie , India , Karan Johar , Hindi& Urdu& English& Italian , During their college years & Anjali was in love with her best-friend Rahul & but he had eyes only for Tina. Years later & Rahul and the now-deceased Tina's eight-year-old daughter attempts to reunite her father and Anjali. , N/A , Comedy& Drama& Musical& Romance , 7.7 , 16 Oct 1998 , Not Rated , 26 wins & 3 nominations. , Shah Rukh Khan& Kajol& Rani Mukerji& Sana Saeed , https://m.media-amazon.com/images/M/MV5BNGNhNWMwNTgtZmNlOS00OGM3LWIxYzItOWQwZDJjMzQ3MzRlXkEyXkFqcGdeQXVyODE5NzE3OTE@._V1_SX300.jpg
Ra.One , movie , India& USA , Anubhav Sinha , Hindi& Tamil& Telugu& Chinese& English , When the titular antagonist of an action-adventure video game takes on physical form & it's only the game's less powerful protagonist who can save his creator's family. , 60 , Action& Adventure& Sci-Fi , 4.6 , 26 Oct 2011 , Not Rated , 14 wins & 9 nominations. , Shah Rukh Khan& Arjun Rampal& Kareena Kapoor& Shahana Goswami , https://m.media-amazon.com/images/M/MV5BMzcyMjMxOTg4MF5BMl5BanBnXkFtZTcwNzEwMDE5Ng@@._V1_SX300.jpg
India's Most Wanted , movie , India , Raj Kumar Gupta , Hindi , A group of intelligence officers embark on a top secret mission to track down a wanted international criminal. , N/A , Action& Thriller , 4.4 , 24 May 2019 , Not Rated , N/A , Arjun Kapoor& Sudev Nair& Rajesh Sharma& Prasanth , https://m.media-amazon.com/images/M/MV5BY2UxYjU1NDgtMDdkNi00NWI0LTgxMmQtY2Q1YThjMmUyODMwXkEyXkFqcGdeQXVyOTAzMTc2MjA@._V1_SX300.jpg
Coincidence , movie , India , Abhay Chopra , Hindi , A detective seeks out the truth between two different stories of a crime scene. , N/A , Mystery& Thriller , 7.2 , 03 Nov 2017 , Not Rated , 5 nominations. , Sidharth Malhotra& Sonakshi Sinha& Akshaye Khanna& Mandira Bedi , https://m.media-amazon.com/images/M/MV5BMjA1MDc5NzYzNl5BMl5BanBnXkFtZTgwMDQ0Mjc3MzI@._V1_SX300.jpg
Loev , movie , India , Sudhanshu Saria , Hindi& English , A weekend trip between friends takes a sudden turn & making them each question what love is and what it means to them. , N/A , Drama& Romance , 5.9 , 01 May 2017 , N/A , 2 wins & 7 nominations. , Dhruv Ganesh& Siddharth Menon& Shiv Panditt& Dixit , https://m.media-amazon.com/images/M/MV5BNjc2NzY0MDk1NF5BMl5BanBnXkFtZTgwNzY0NDAzMjI@._V1_SX300.jpg
Yeh Jawaani Hai Deewani , movie , India , Ayan Mukherjee , Hindi& English& French , Kabir and Naina bond during a trekking trip. Before Naina can express herself & Kabir leaves India to pursue his career. They meet again years later & but he still cherishes his dreams more than bonds. , N/A , Comedy& Drama& Musical& Romance , 7.1 , 31 May 2013 , Not Rated , 24 wins & 89 nominations. , Ranbir Kapoor& Deepika Padukone& Aditya Roy Kapoor& Kalki Koechlin , https://m.media-amazon.com/images/M/MV5BODA4MjM2ODk4OF5BMl5BanBnXkFtZTcwNDgzODk1OQ@@._V1_SX300.jpg
Love Breakups Zindagi , movie , India , Sahil Sangha , Hindi& Punjabi& English , A couple and many of their friends experience changes and challenges in their respective lives after attending a wedding. , N/A , Comedy& Drama& Romance , 5.7 , 07 Oct 2011 , Not Rated , N/A , Zayed Khan& Dia Mirza& Cyrus Sahukar& Tisca Chopra , https://m.media-amazon.com/images/M/MV5BYTA0Y2RlNjMtMjk2YS00OWJlLWI4MWItYmYxMGNlOTM5YTg5XkEyXkFqcGdeQXVyODE5NzE3OTE@._V1_SX300.jpg
Walkaway , movie , USA , Shailja Gupta , English& Tamil& French& Hindi , Four intersecting stories & each exploring different aspects of love and companionship & as four friends struggle to find their way through the meanders of Indian matrimony & in a bittersweet ... , N/A , Comedy& Drama , 7.7 , 29 Oct 2010 , UNRATED , N/A , Manu Narayan& Samrat Chakrabarti& Sanjiv Jhaveri& Manish Dayal , https://m.media-amazon.com/images/M/MV5BMTc5Njg5MzU0OV5BMl5BanBnXkFtZTcwOTUwMzQ5Mw@@._V1_SX300.jpg
Enthiran , movie , India , S. Shankar , Tamil , A brilliant scientist builds a humanoid robot to protect mankind & but things go awry when human emotions are programmed and inner turmoil causes the robot to act against him. , N/A , Action& Sci-Fi , 7.1 , 01 Oct 2010 , Not Rated , 11 wins & 6 nominations. , Rajinikanth& Aishwarya Rai Bachchan& Danny Denzongpa& Santhanam , https://m.media-amazon.com/images/M/MV5BZmI0YmZkOGUtMTcwZS00MTk4LTg5ODQtOTliNWU2MTcwZjQ3XkEyXkFqcGdeQXVyOTk3NTc2MzE@._V1_SX300.jpg
Aao Wish Karein , movie , India , Glen Barreto , Hindi& English , Smitten by a 22-year old woman & a 12-year old boy's wish to be older comes true. , N/A , Comedy& Drama& Fantasy , 5.3 , 13 Nov 2009 , N/A , N/A , Aftab Shivdasani& Aamna Sharif& Rati Agnihotri& Tiku Talsania , https://m.media-amazon.com/images/M/MV5BNWNkYTUzNjQtMmJmMC00MTkzLWE2YmQtM2M1ZGJjMDhjNTI5XkEyXkFqcGdeQXVyNDUzOTQ5MjY@._V1_SX300.jpg
Luck by Chance , movie , India , Zoya Akhtar , Hindi& English , When Vikram gets tapped to play the male lead in a Bollywood film & he can't believe his luck. But it may ruin his relationship with his girlfriend. , 58 , Drama , 7.0 , 30 Jan 2009 , Not Rated , 5 wins & 7 nominations. , Farhan Akhtar& Konkona Sen Sharma& Rishi Kapoor& Dimple Kapadia , https://m.media-amazon.com/images/M/MV5BMTY4NjIxNDc3Nl5BMl5BanBnXkFtZTcwNDc4NTk5Mw@@._V1_SX300.jpg
Krazzy 4 , movie , India , Jaideep Sen , Hindi , 4 mental patients formulate the plan to rescue their kidnapped doctor and teach the kidnappers a lesson. , N/A , Comedy& Crime& Drama& Thriller , 4.2 , 11 Apr 2008 , PG-13 , N/A , Juhi Chawla& Irrfan Khan& Arshad Warsi& Rajpal Yadav , https://m.media-amazon.com/images/M/MV5BMTQ4MDI5MzA1MF5BMl5BanBnXkFtZTgwNDgzMjA2MDE@._V1_SX300.jpg
Shaurya: It Takes Courage to Make Right... Right , movie , India , Samar Khan , Hindi , A army lawyer goes out of his way to defend an army officer charged with the homicide of a decorated officer. , N/A , Crime& Drama& Thriller , 7.3 , 04 Apr 2008 , Not Rated , N/A , Rahul Bose& Javed Jaffrey& Minissha Lamba& Seema Biswas , https://m.media-amazon.com/images/M/MV5BMzQwMDIyYTUtNDJhNi00N2RlLWEyNTctNDFjZTk0NTIwYzNhXkEyXkFqcGdeQXVyODE5NzE3OTE@._V1_SX300.jpg
Heyy Babyy , movie , India , Sajid Khan , Hindi , Three bachelors who are compulsive womanizers find their lives turned upside down when a baby is left at their doorstep. The trio suspect each other of being the father. , N/A , Comedy& Drama , 6.0 , 24 Aug 2007 , Not Rated , N/A , Juanna Sanghvi& Akshay Kumar& Fardeen Khan& Riteish Deshmukh , https://m.media-amazon.com/images/M/MV5BMTY1OTc2MTY3M15BMl5BanBnXkFtZTgwMDgxMTA2MDE@._V1_SX300.jpg
Americanizing Shelley , movie , USA , Lorraine Senna , English , A wannabe Hollywood player sets out to Americanize an Indian girl from the Himalayas. , N/A , Comedy& Drama& Romance , 4.6 , 01 Oct 2008 , PG , N/A , Namrata Singh Gujral& Beau Bridges& Brad Raider& RonReaco Lee , https://m.media-amazon.com/images/M/MV5BMTI0ODc3NTU5OV5BMl5BanBnXkFtZTcwODg4MjY0MQ@@._V1_SX300.jpg
Eklavya: The Royal Guard , movie , India , Vidhu Vinod Chopra , Hindi , As the kingdom of Devigarh comes apart at the seams & an aging bodyguard attempts to protect the Royal Family & as well as keep its darkest secrets from ever coming to light. , 69 , Action& Drama& Mystery& Thriller , 6.2 , 16 Feb 2007 , Not Rated , N/A , Amitabh Bachchan& Saif Ali Khan& Sanjay Dutt& Vidya Balan , https://m.media-amazon.com/images/M/MV5BM2FiM2YzMGMtNzhhZS00N2E3LWI3MDEtNzAxODIxNWY5ZTkzXkEyXkFqcGdeQXVyODE5NzE3OTE@._V1_SX300.jpg
Zindaggi Rocks , movie , India , Tanuja Chandra , Hindi , During an outing Dr. Suraj Rihan & who is married to Shivani & is summoned by DCP Gazala Qadri who wants to question him about the sudden death of his girlfriend/singing diva & Kriya Sengupta.... , N/A , Drama& Romance , 4.1 , 06 Oct 2006 , N/A , N/A , Sushmita Sen& Shiney Ahuja& Julian Burkhardt& Ravi Gossain , https://m.media-amazon.com/images/M/MV5BMGE1ZWQ2YjktOWI2Yi00NGYyLThlNTktYTc1N2IwYzBkMjdhXkEyXkFqcGdeQXVyNjQ2MjQ5NzM@._V1_SX300.jpg
Kuchh Meetha Ho Jaye , movie , India , Samar Khan , Hindi , Various relationships intertwine and collide at an airport. , N/A , Comedy& Romance , 3.6 , 15 Apr 2005 , N/A , N/A , Arshad Warsi& Mahima Chaudhry& Parvin Dabas& Sandhya Mridul , https://m.media-amazon.com/images/M/MV5BN2VjY2MwZGMtZmM4ZC00NmI5LWIzOGQtN2Q0ODA5MzlmOTllXkEyXkFqcGdeQXVyODE5NzE3OTE@._V1_SX300.jpg
My Karma , movie , India , Korak Day , English , A sheep sacrificed at Kalighat temple reincarnates as a privileged/ rich man but still is a sheep- until in the same place he goes through another sacrifice-what happens now? , N/A , Short& Drama , 8.6 , N/A , N/A , N/A , Arjun Chakraborty& Sabyasachi Chakraborty& Korak Day& Moon Moon Sen , https://m.media-amazon.com/images/M/MV5BMGYyMjMwMGQtZDMyYy00ODQ4LWFhMjctM2Q2MmQ0MWZkMzI3XkEyXkFqcGdeQXVyNzg5OTk2OA@@._V1_SX300.jpg
Saathiya , movie , India , Shaad Ali , Hindi , A couple elopes to get married and set up home hoping that just love will do the trick - but that's just the beginning of their story. , N/A , Drama& Family& Romance , 6.8 , 20 Dec 2002 , Not Rated , 14 wins & 5 nominations. , Vivek Oberoi& Rani Mukerji& Shah Rukh Khan& Tabu , https://m.media-amazon.com/images/M/MV5BN2ZhNzI2NWEtOGMxMC00M2RkLWEyMzctZjUyYzUzOWEzZTRiXkEyXkFqcGdeQXVyNTkzNDQ4ODc@._V1_SX300.jpg
Every Heart That Loves , movie , India , Raj Kanwar , Hindi , Raj is a struggling singer with big dreams who is still waiting for his big break. One night he witnesses an accident where a car spins out of control and lands on the tracks of an ... , N/A , Comedy& Drama& Musical , 5.2 , 24 Jul 2000 , N/A , 1 win & 3 nominations. , Salman Khan& Preity Zinta& Rani Mukerji& Shah Rukh Khan , https://m.media-amazon.com/images/M/MV5BMjY1NzQ4NzM2OF5BMl5BanBnXkFtZTcwMzY1ODgzMQ@@._V1_SX300.jpg
TED Talks India Nayi Soch , series , India , N/A , Hindi , The host interacts with inspiring people and discusses issues that are relevant in today's world & from the future of technology to women empowerment. , N/A , N/A , N/A , 10 Dec 2017 , N/A , N/A , Shah Rukh Khan , https://m.media-amazon.com/images/M/MV5BYWNlMzRmOTUtNTE1OS00ZGU3LWFjZTItODZhODE0ZWI1ZWJmXkEyXkFqcGdeQXVyODAzNzAwOTU@._V1_SX300.jpg
My Next Guest Needs No Introduction with David Letterman , series , USA , N/A , English , Comedian David Letterman interviews people he finds fascinating. , N/A , Talk-Show , 8.0 , 12 Jan 2018 , TV-MA , Nominated for 2 Primetime Emmys. Another 1 nomination. , David Letterman , https://m.media-amazon.com/images/M/MV5BYjk4ZWM1ZWYtNjZlZS00MDBmLTk5N2UtZWE1ZDE5MWRkMzdkXkEyXkFqcGdeQXVyNDg4NjY5OTQ@._V1_SX300.jpg
Titu Talks , series , India , N/A , Hindi , Bhuvan Bam plays his famous character 'Titu Mama' and interviews celebrities in a desi setting. , N/A , Comedy& Talk-Show , 7.7 , 15 Dec 2018 , N/A , N/A , Bhuvan Bam , https://m.media-amazon.com/images/M/MV5BNWEzMGNjNmMtYjYwYy00NTcwLTk1OWYtZjU5ZGIyMzc4M2FiXkEyXkFqcGdeQXVyMjUxMTY3ODM@._V1_SX300.jpg
Kasautii Zindagii Kay , series , India , N/A , Hindi , A re-imagination of Anurag and Prerna's soul-stirring romance. Made for each other & will these star-crossed lovers unite against the odds of betrayal & revenge and retribution? , N/A , Drama& Romance , 5.5 , 25 Sep 2018 , N/A , N/A , Parth Samthaan& Erica Fernandes& Shubhaavi Choksey& Kali Prasad Mukherjee , https://m.media-amazon.com/images/M/MV5BZTdiZjliYTctMWRlMC00MjMwLWI1MmYtN2ZiNDQzMTM4NjI0XkEyXkFqcGdeQXVyNzM4MjU3NzY@._V1_SX300.jpg
63rd Filmfare Awards , movie , India , N/A , Hindi , 63rd Filmfare Awards ceremony & presented by the Filmfare Magazine & honored the best Hindi language Indian films of 2017. The ceremony was held on 20 January 2018 and hosted by Shah Rukh ... , N/A , N/A , N/A , 20 Jan 2018 , N/A , N/A , Shah Rukh Khan& Karan Johar& Ayushmann Khurrana& Parineeti Chopra , https://m.media-amazon.com/images/M/MV5BODRmY2ZkZWQtMDRhNS00NWRhLThmMDAtZmVlYmQzMGY5N2FkXkEyXkFqcGdeQXVyODAzNzAwOTU@._V1_SX300.jpg
Louder Together , movie , USA , Ryan Gall& James Marcus Haney(co-director) , English , Louder Together is a feature documentary chronicling the journey fans and activist on two continents took to be part of the iconic 2016 Global Citizen Festivals in New York's Central Park ... , N/A , Documentary , N/A , 13 Sep 2017 , N/A , N/A , Amitabh Bachchan& Coldplay& Leonardo DiCaprio& Ellie Goulding , N/A
Taarak Mehta Ka Ooltah Chashmah , series , India , N/A , Hindi , Common men face problems and fight against them depicted by Jethalal Gada. , N/A , Comedy& Family , 8.0 , N/A , NOT RATED , N/A , Dilip Joshi& Disha Vakani& Amit Bhatt& Sailesh Lodha , https://m.media-amazon.com/images/M/MV5BYzkyZjQ0MjAtNmMyYS00ZDQwLWE1YmItYzIwNTUyMDlmYWM5XkEyXkFqcGdeQXVyNDc0MDgzNTE@._V1_SX300.jpg
AIB Video Podcast , series , India , N/A , Hindi , All India Bakchod usually abbreviated and referred to as AIB is an Indian comedy group. The group was initially founded by Gursimran Khamba and Tanmay Bhat and was later joined by Rohan ... , N/A , N/A , 8.0 , 01 May 2013 , N/A , N/A , Tanmay Bhat& Gursimran Khamba& Rohan Joshi& Ashish Shakya , https://m.media-amazon.com/images/M/MV5BODg5ZWIwNzQtNjEwZi00NTQ5LWJiODgtNmQzNDYxMzlhYjdmXkEyXkFqcGdeQXVyNzA2ODM2MTY@._V1_SX300.jpg
The Kapil Sharma Show , series , India , N/A , Hindi , Comedian Kapil Sharma interacts with celebrity guests about their latest films while keeping the audience laughing with his wit & humour and assorted skits. , N/A , Comedy& Talk-Show , 8.0 , 23 Apr 2016 , N/A , 8 wins & 4 nominations. , Kapil Sharma& Kiku Sharda& Sumona Chakravarti& Chandan Prabhakar , https://m.media-amazon.com/images/M/MV5BZjBmNTcwZGYtZmIyZS00NjUxLWFlM2QtMGQ5YzY1NzZlOTQ3XkEyXkFqcGdeQXVyNDAzNDk0MTQ@._V1_SX300.jpg
FC FaceTime , series , India , N/A , English , The Film Companion teams brings you the latest from the world of cinema with intimate interviews with actors and filmmakers. , N/A , Talk-Show , N/A , N/A , N/A , N/A , Anupama Chopra , https://m.media-amazon.com/images/M/MV5BOGE0MjBhZDAtY2QwOS00ODZlLThiYWQtMWFjNmY4N2QyM2ZlXkEyXkFqcGdeQXVyNjY1MTg4Mzc@._V1_SX300.jpg
Koffee with Karan , series , India , N/A , English , Celebrity host Karan Johar gets up close and personal with various Bollywood personalities and discusses their major career milestones. , N/A , Comedy& Talk-Show , 7.9 , 19 Nov 2004 , TV-14 , N/A , Karan Johar , https://m.media-amazon.com/images/M/MV5BMGU2MTc2YjMtMTU3YS00MTBhLTg0M2UtMDAyZTJjMDQzODlkXkEyXkFqcGdeQXVyNTE0MDc0NTM@._V1_SX300.jpg
Still Rolling: The DDLJ Story , movie , UK , Natashja Rathore , English , What makes a film do a record-breaking run of over 1000 weeks at the box office? A filmmaker takes a journey from London to Switzerland & to India to rediscover the magic of Bollywood's longest running film 'Dilwale Dulhaniya Le Jayenge' , N/A , Documentary& Short , 9.3 , 17 Jun 2016 , N/A , N/A , Christiane Andersen& Aditya Chopra& Pamela Chopra& Yash Chopra , https://m.media-amazon.com/images/M/MV5BODQ5ZGFkMDQtMDBlMS00NGJlLTg2NGItMmNiZjg4ZjczNTBjXkEyXkFqcGdeQXVyMjI3NTMwNjE@._V1_SX300.jpg
Indian Premier League , series , India , N/A , Hindi& English& Tamil , The best cricket players on the planet converge for the epic battle that will transcend all barriers. For die hard cricket fans! , N/A , Sport , 8.0 , 18 Apr 2008 , N/A , N/A , Mahendra Singh Dhoni& Virat Kohli& Rohit Sharma& Suresh Raina , https://m.media-amazon.com/images/M/MV5BMmRkNzIzYWItNGRiZi00MjUwLTliYjctZGUyNGFhODM3NTIwXkEyXkFqcGdeQXVyMjg3NTgzNTA@._V1_SX300.jpg
Comedy Nights with Kapil , series , India , N/A , Hindi , Every episode starts with stage act of Kapil Sharma and various characters and then Kapil take one or more celebrity interview with co-actors. , N/A , Comedy& Talk-Show , 8.1 , 22 Jun 2013 , TV-PG , 7 wins & 1 nomination. , Kapil Sharma& Kiku Sharda& Navjot Singh Sidhu& Ali Asgar , https://m.media-amazon.com/images/M/MV5BNGU4NzNiYzYtMGEyZS00ZGU1LTg1YmItZmMyYTU0MzM1ZThmXkEyXkFqcGdeQXVyNDUzOTQ5MjY@._V1_SX300.jpg
C.I.D. , series , India , N/A , Hindi , ACP Pradyuman & Daya and Abhijeet are an elite trio of officers who work for the CID. They seek the help of professional forensic expert Dr Salunkhe and solve various criminal cases. , N/A , Action& Crime& Thriller , 6.5 , 21 Jan 1998 , TV-14 , N/A , Aditya Srivastava& Dayanand Shetty& Shivaji Satam& Dinesh Phadnis , https://m.media-amazon.com/images/M/MV5BNjM2N2M4YWMtYWE2OS00YzlmLThlZDEtOGZkMTQ5MzgwMTI5XkEyXkFqcGdeQXVyNTE0MDc0NTM@._V1_SX300.jpg
Kumkum Bhagya , series , India , N/A , Hindi , 'Kumkum Bhagya' is a show following the life of a Punjabi matriarch Sarla Arora who runs a marriage hall and lives with the hope of seeing her two daughters Pragya and Bulbul who're poles ... , N/A , Drama , 4.5 , 15 Apr 2014 , N/A , N/A , Sriti Jha& Shabbir Ahluwalia& Vin Rana& Ankit Mohan , https://m.media-amazon.com/images/M/MV5BMDFlNmJhZjItYjcxMC00MDNhLTg1YjctODU2YzJiY2MxYmNhXkEyXkFqcGdeQXVyNzM4MjU3NzY@._V1_SX300.jpg
The Android King: Sundar Pichai , movie , USA , Parthiban Shanmugam , English , A true story of one humble man who travels from Chennai to USA becomes the top man in the technological business world. , N/A , Documentary , N/A , 14 Aug 2015 , N/A , N/A , Abhishek Bachchan& Farah Khan& Shah Rukh Khan& Sundar Pishai , N/A
Aap Ki Adalat , series , India , N/A , Hindi , N/A , N/A , N/A , 7.7 , N/A , N/A , N/A , Rajat Sharma , N/A
Kaun Banega Crorepati? , series , India , N/A , Hindi , An Indian version of the popular quiz show & "Who Wants to be a Millionaire?" Contestants start off with easy questions & but as they move forward the questions get more and more challenging.... , N/A , Game-Show , 8.4 , 01 Jul 2000 , N/A , 10 wins & 1 nomination. , Amitabh Bachchan , https://m.media-amazon.com/images/M/MV5BM2ViY2E2YzItM2I1NS00YTNmLWE4ODYtNDBmNjBlYzUxMDA0XkEyXkFqcGdeQXVyNTE0MDc0NTM@._V1_SX300.jpg
Barely Speaking with Arnub , series , India , N/A , English , N/A , N/A , Talk-Show , N/A , 14 Oct 2014 , N/A , N/A , Biswapati Sarkar , https://m.media-amazon.com/images/M/MV5BZmJiYjRkNTQtMGI3NS00NzUzLTg3OGYtNjJiZGQxYjYxOWJkXkEyXkFqcGdeQXVyMTcwODI2NjQ@._V1_SX300.jpg
Making of Bhoothnath Returns , movie , India , N/A , Hindi , N/A , N/A , Documentary& Short , N/A , 15 Apr 2014 , N/A , N/A , Ganesh Acharya& Amitabh Bachchan& Parth Bhalerao& Abhay Chopra , N/A
Star Verdict , series , India , N/A , Hindi , N/A , N/A , Talk-Show , 7.3 , 17 Aug 2013 , N/A , N/A , Anupama Chopra , https://m.media-amazon.com/images/M/MV5BMTNkM2MzMDQtM2RhMy00Njk4LTllNjUtM2JjM2EyZjM5ZTZiXkEyXkFqcGdeQXVyNjk2MTE1MTg@._V1_SX300.jpg
Diya Aur Baati Hum , series , India , N/A , Hindi , About a woman and her family with intense Indian family drama. , N/A , Drama& Romance , 6.4 , 29 Aug 2011 , N/A , N/A , Neelu Vaghela& Anas Rashid& Deepika Singh& Gautam Gulati , https://m.media-amazon.com/images/M/MV5BNTVjOGMzYTEtM2QzNC00NjA4LWI0OGQtNjZmNTYxMmU5NzU0XkEyXkFqcGdeQXVyODE5NzE3OTE@._V1_SX300.jpg
14th International Indian Film Academy Awards , movie , India , N/A , Hindi , N/A , N/A , N/A , N/A , 10 Aug 2013 , N/A , N/A , Ganesh Acharya& Javed Akhtar& Zeenat Aman& Shabana Azmi , N/A
Bombay Talkies , movie , India , Zoya Akhtar& Dibakar Banerjee& Karan Johar& Anurag Kashyap , Hindi& English , One hundred years of Hindi cinema is celebrated in four short stories showcasing the power of film. , N/A , Drama , 6.7 , 03 May 2013 , Not Rated , 2 nominations. , Rani Mukerji& Randeep Hooda& Saqib Saleem& Nawazuddin Siddiqui , https://m.media-amazon.com/images/M/MV5BODQ5NTk3MDQ2OF5BMl5BanBnXkFtZTcwMTEyNjE0OQ@@._V1_SX300.jpg
L'invit , series , France , N/A , French , N/A , N/A , Talk-Show , N/A , N/A , N/A , N/A , Patrick Simonin& Patrick Macnee , N/A
Zee Cine Awards 2012 , movie , India , N/A , English , N/A , N/A , Comedy& News , 9.0 , 05 Feb 2012 , N/A , N/A , Farhan Akhtar& Zoya Akhtar& Imtiaz Ali& Zeenat Aman , N/A
Diwali Rishton Ki Mithas , movie , India , Ekta , Hindi , N/A , N/A , Family , N/A , 17 Oct 2011 , N/A , N/A , Kareena Kapoor& Shah Rukh Khan& Shaheer Sheikh , https://m.media-amazon.com/images/M/MV5BZTZkMjFhZTAtMGRjOC00YjY3LWE4OTAtMTVhNWYyOGNhMTM4XkEyXkFqcGdeQXVyNjc5MjMwMjk@._V1_SX300.jpg
Love Breakups Zindagi , movie , India , Sahil Sangha , Hindi& Punjabi& English , A couple and many of their friends experience changes and challenges in their respective lives after attending a wedding. , N/A , Comedy& Drama& Romance , 5.7 , 07 Oct 2011 , Not Rated , N/A , Zayed Khan& Dia Mirza& Cyrus Sahukar& Tisca Chopra , https://m.media-amazon.com/images/M/MV5BYTA0Y2RlNjMtMjk2YS00OWJlLWI4MWItYmYxMGNlOTM5YTg5XkEyXkFqcGdeQXVyODE5NzE3OTE@._V1_SX300.jpg
12th International Indian Film Academy Awards , movie , Canada& India , N/A , English& Hindi , N/A , N/A , N/A , 7.6 , 25 Jun 2011 , N/A , N/A , Ritesh Deshmukh& Cuba Gooding Jr.& Boman Irani& Shah Rukh Khan , N/A
Shahrukh Bola 'Khoobsurat Hai Tu'... And She Believed in It , movie , India , Makrand Deshpande , Hindi , While dealing with personal issues & a woman hopes to meet and act with a famous actor. , N/A , Comedy& Drama , 6.1 , 19 Nov 2010 , N/A , N/A , Suzanne Bernert& Nagesh Bhonsle& Pritika Chawla& Sanjay Dadheech , https://m.media-amazon.com/images/M/MV5BYzllMmIxOTgtOWIwNC00YmI1LTg1MTEtYWIxZDAzYTkzODZlXkEyXkFqcGdeQXVyNDUzOTQ5MjY@._V1_SX300.jpg
55th Idea Filmfare Awards , movie , India , N/A , Hindi , N/A , N/A , N/A , 8.7 , 01 Feb 2010 , N/A , N/A , Farhan Akhtar& Javed Akhtar& Zoya Akhtar& Imtiaz Ali , N/A
Friday Night with Jonathan Ross , series , UK , N/A , English , A mix of music & comedy and celebrity chat hosted by fast-witted comic Jonathan Ross. , N/A , Comedy& Music& Talk-Show , 7.8 , 02 Nov 2001 , N/A , 7 wins & 17 nominations. , Jonathan Ross& Stephen de Martin& Ian Parkin& David Wickenden , https://m.media-amazon.com/images/M/MV5BMTllNGM2YmYtNTkxZS00NGQ5LTk0OTktOWFmOGQzYjdhOTI1XkEyXkFqcGdeQXVyMTY2MzYyNzA@._V1_SX300.jpg
Phir Mile Sur , movie , India , Kailash Surendranath , Hindi , N/A , N/A , Short& Musical , N/A , 26 Jan 2010 , N/A , N/A , N/A , N/A
Luck by Chance , movie , India , Zoya Akhtar , Hindi& English , When Vikram gets tapped to play the male lead in a Bollywood film & he can't believe his luck. But it may ruin his relationship with his girlfriend. , 58 , Drama , 7.0 , 30 Jan 2009 , Not Rated , 5 wins & 7 nominations. , Farhan Akhtar& Konkona Sen Sharma& Rishi Kapoor& Dimple Kapadia , https://m.media-amazon.com/images/M/MV5BMTY4NjIxNDc3Nl5BMl5BanBnXkFtZTcwNDc4NTk5Mw@@._V1_SX300.jpg
The 66th Annual Golden Globe Awards , movie , USA , Chris Donovan , English , The 66th annual golden globe awards & hosted by Ricky Gervais & 2009. , N/A , N/A , 7.9 , 11 Jan 2009 , N/A , 1 nomination. , Ricky Gervais& Amy Adams& Brooke Adams& Christina Applegate , https://m.media-amazon.com/images/M/MV5BNTA0NjM3MzExNF5BMl5BanBnXkFtZTcwODM0NTMyMg@@._V1_SX300.jpg
Shah Rukh Khan: In Love with Germany , movie , Germany , Gareth Jefferson Jones , English , N/A , N/A , Documentary , 7.3 , N/A , N/A , N/A , Karan Johar& Farah Khan& Shah Rukh Khan& Mushtaq Sheikh , https://m.media-amazon.com/images/M/MV5BMTc0ODU3MDg2MV5BMl5BanBnXkFtZTgwNjUzODU5NjE@._V1_SX300.jpg
Kya Aap Paanchvi Pass Se Tez Hain? , series , India , N/A , N/A , It was the bigest chutiyapa quiz show. , N/A , N/A , 5.9 , 25 Apr 2008 , N/A , N/A , Kareena Kapoor Khan& Saif Ali Khan& Shah Rukh Khan , N/A
Krazzy 4 , movie , India , Jaideep Sen , Hindi , 4 mental patients formulate the plan to rescue their kidnapped doctor and teach the kidnappers a lesson. , N/A , Comedy& Crime& Drama& Thriller , 4.2 , 11 Apr 2008 , PG-13 , N/A , Juhi Chawla& Irrfan Khan& Arshad Warsi& Rajpal Yadav , https://m.media-amazon.com/images/M/MV5BMTQ4MDI5MzA1MF5BMl5BanBnXkFtZTgwNDgzMjA2MDE@._V1_SX300.jpg
52nd Fair One Filmfare Awards , movie , India , Vivek Tiwari , English , N/A , N/A , N/A , 8.7 , 02 Feb 2007 , N/A , N/A , Rani Mukerji& Sridevi& Shah Rukh Khan& Kareena Kapoor , N/A
Sunset Bollywood , movie , India , Komal Tolani , English& Hindi , Anita Kapoor narrates the rise and subsequent fall of three Bollywood one-time mega-stars. Rahul Roy & who came from a non-filmy background & instantly shot into fame with Mahesh Bhatt's '... , N/A , Documentary , 9.3 , N/A , N/A , N/A , Amitabh Bachchan& Bhagyashree& Mahesh Bhatt& Pooja Bhatt , N/A
Kuchh Meetha Ho Jaye , movie , India , Samar Khan , Hindi , Various relationships intertwine and collide at an airport. , N/A , Comedy& Romance , 3.6 , 15 Apr 2005 , N/A , N/A , Arshad Warsi& Mahima Chaudhry& Parvin Dabas& Sandhya Mridul , https://m.media-amazon.com/images/M/MV5BN2VjY2MwZGMtZmM4ZC00NmI5LWIzOGQtN2Q0ODA5MzlmOTllXkEyXkFqcGdeQXVyODE5NzE3OTE@._V1_SX300.jpg
Bollywood - Indiens klingendes Kino , movie , Germany , Nele Mnchmeyer , N/A , N/A , N/A , Documentary , 9.2 , 19 Feb 2005 , N/A , N/A , Asha Bhosle& Shah Rukh Khan& A.R. Rahman , N/A
49th Manikchand Filmfare Awards 2003 , movie , India , N/A , English& Hindi , N/A , N/A , N/A , 9.2 , N/A , N/A , N/A , Saif Ali Khan& Shah Rukh Khan& Rani Mukerji& Karisma Kapoor , N/A
Bollywood Remixed - Das indische Kino erobert den Westen , movie , Germany& Austria , Herbert Krill , German , N/A , N/A , Documentary , 9.2 , 04 Jul 2004 , N/A , N/A , Amitabh Bachchan& Bipasha Basu& Gurinder Chadha& Pak Daddy , N/A
Tinseltown TV , series , UK& USA , N/A , English , Five camera crews are in action all week bringing audiences the best in film premieres & behind the scenes exclusives & music events & fashion shows and celebrity parties across the globe. , N/A , Music& News , 8.3 , 02 Aug 2003 , N/A , N/A , Matt Damon& Clint Eastwood& Eddie Griffin& Jennifer Love Hewitt , https://m.media-amazon.com/images/M/MV5BMTIzNzQ1NDcxOV5BMl5BanBnXkFtZTYwMzc0NjI3._V1_SX300.jpg
Larger Than Life , movie , Denmark , Helle Ryslinge , Hindi& Danish , Director Helle Ryslinge travels to the heart of Indian filmmaking & Bollywood & and meets the filmmakers & the stars and the audiences in an attempt to discover some of the reasons behind the success. , N/A , Documentary , 8.7 , 09 Nov 2003 , N/A , N/A , Shah Rukh Khan& Manisha Koirala& Helle Ryslinge , https://m.media-amazon.com/images/M/MV5BNzJiNWVlZDYtNGY1MC00MjEzLTgxOWYtMTEwMjFhNDZkNTc0XkEyXkFqcGdeQXVyNjExODE1MDc@._V1_SX300.jpg
48th Manikchand Filmfare Awards 2002 , movie , India , N/A , English& Hindi , N/A , N/A , N/A , 8.9 , 23 Feb 2003 , N/A , N/A , Rani Mukerji& Shah Rukh Khan& Manisha Koirala& Rekha , N/A
Sabrina's Bollywood , movie , UK , N/A , English , A short documentary which won the First Light best documentary award & about a young girl called Sabrina and her love of Bollywood... , N/A , Documentary& Short , 9.1 , 16 Nov 2002 , N/A , N/A , Pak Daddy& Shah Rukh Khan , N/A
Bollywood for Beginners , movie , UK , Penelope Jagessar Chaffer , English , The world's most vibrant and colorful cinema comes crashing through the screen in Bollywood for Beginners & a documentary about the characters & traditions & heroes and heroines that drive ... , N/A , Documentary& Short , 9.3 , 29 Jul 2002 , N/A , N/A , Shobu Kapoor& Rachel Dwyer& Deepak Verma& Nasreen Munni Kabir , N/A
Bollywood Bound , movie , Canada , Nisha Pahuja , English& Hindi , N/A , N/A , Documentary , 8.5 , 21 Jul 2002 , N/A , N/A , Neeru Bajwa& Ruby Bhatia& Vekeana Dhillon& Vikram Dhillon , N/A
Richard & Judy , series , UK , N/A , English , Magazine programme featuring news items & expert advice and celebrity interviews. , N/A , Talk-Show , 4.4 , 26 Nov 2001 , N/A , 1 nomination. , Richard Madeley& Judy Finnigan , https://ia.media-imdb.com/images/M/MV5BYjllN2YzNzUtM2EzMC00NzdmLTlmYmUtMDY1Y2FhMmJhNGUwXkEyXkFqcGdeQXVyNjExODE1MDc@._V1_SX300.jpg
Jeena Isi Ka Naam Hai , series , India , N/A , Hindi , N/A , N/A , Talk-Show , 9.2 , 22 Mar 2002 , N/A , N/A , Farooq Shaikh , N/A
Hot Wax , series , UK , N/A , English , N/A , N/A , N/A , N/A , 09 Jul 2001 , N/A , N/A , Hugh M. Hefner& Lil' Kim& Emmanuel Petit& Ruby Wax , N/A
The Big Breakfast , series , UK , N/A , English , The UK's breakfast TV show on Channel 4. A very lighthearted mix of interviews & news & quizzes and features. , N/A , Comedy& Game-Show& News , 7.9 , 28 Sep 1992 , N/A , 5 wins & 6 nominations. , Jody Bunting , https://m.media-amazon.com/images/M/MV5BOTI1MGE5YzEtYTViNC00YzkzLWJlY2QtODcxOGJjNTczNzMwXkEyXkFqcGdeQXVyNjExODE1MDc@._V1_SX300.jpg
Bollywood im Alpenrausch , movie , Switzerland , Christian Frei , German& Swiss German& English , N/A , N/A , Documentary , 9.3 , N/A , N/A , N/A , Peter Kner& Irina Schnen& Thomas Stuckenschmidt& Jakob Tritten , N/A
International Indian Film Awards , movie , India& UK , M Pink Christofalo , English& Hindi , N/A , N/A , N/A , 8.8 , 24 Jun 2000 , N/A , N/A , Amitabh Bachchan& Sonali Bendre& Jackie Chan& Mahima Chaudhry , N/A
Achanak , movie , India , Naresh Malhotra , Hindi , Arjun (Govinda) lives a charmed life & surrounded by the family he loves and working at his family's thriving business. Then he meets Pooja (Manisha Koirala) & and his life gets even better. ... , N/A , Action& Mystery& Thriller , 4.3 , 12 Jun 1998 , N/A , N/A , Govinda& Manisha Koirala& Farha Naaz& Rahul Roy , https://m.media-amazon.com/images/M/MV5BMzY2MWNmNzgtZDNlMS00OGE5LTgyZDMtYzZiZWRjYTY1N2Q2XkEyXkFqcGdeQXVyODE5NzE3OTE@._V1_SX300.jpg
Rendevouz with Simi Garewal , series , India , N/A , Hindi& English , Simi Garewal has an intimate rendevouz with some of the best stars in India. , N/A , N/A , 8.6 , 15 Jan 2001 , N/A , N/A , Amitabh Bachchan& Rani Mukerji& Jaya Bhaduri& Abhishek Bachchan , N/A
Pehla Nasha , movie , India , Ashutosh Gowariker , Hindi , Uncredited remake of Brian De Palma's "Body Double" , N/A , Mystery& Drama& Thriller , 5.3 , 13 Aug 1993 , N/A , N/A , Deepak Tijori& Pooja Bhatt& Raveena Tandon& Makrand Deshpande , https://m.media-amazon.com/images/M/MV5BZWYyZDRiMGItYmVhYS00NjdiLTg0YzctNDVlNjBhMTI0N2RjXkEyXkFqcGdeQXVyMzU0NzkwMDg@._V1_SX300.jpg
Rajani , series , India , N/A , Hindi , N/A , N/A , Comedy , N/A , 01 Jan 1993 , N/A , N/A , Shah Rukh Khan& Prashant Narayanan& Rajiv Paul& Karan Razdan , N/A
Umang Tarang , series , India , N/A , Hindi , N/A , N/A , Game-Show , 9.7 , 29 Aug 1989 , N/A , N/A , Shah Rukh Khan& Kumar Sanu , N/A
Golmaal Again , movie , India , Rohit Shetty , Hindi , The gang encounters with some spiritual bodies and finds out the truth about the Jamnadas Orphanage where they were brought up. , N/A , Action& Comedy& Fantasy& Horror , 4.9 , 20 Oct 2017 , Not Rated , 4 wins & 7 nominations. , Ajay Devgn& Arshad Warsi& Tusshar Kapoor& Shreyas Talpade , https://m.media-amazon.com/images/M/MV5BYmI5Y2JkNzUtNWJkZC00OTE1LTg3ZDItMjQ0Mzc1MjdhMzhiXkEyXkFqcGdeQXVyMjQwOTU5NTg@._V1_SX300.jpg
101 Sexiest Celebrity Bodies , movie , USA , N/A , English , N/A , N/A , N/A , 7.3 , 22 Nov 2005 , N/A , N/A , 50 Cent& Jessica Alba& Pamela Anderson& Jennifer Aniston , https://m.media-amazon.com/images/M/MV5BODIyM2EyZjAtNzcwZS00M2Q5LWEwMWQtM2U0ZWY2MDE0MjkwL2ltYWdlL2ltYWdlXkEyXkFqcGdeQXVyMzM0NTc2MTE@._V1_SX300.jpg
